Shape;Tucker Rank;Calculated Rank;Time
(64, 64, 2);(42, 8);(39, 42);0.0810335693359375
(64, 64, 2);(42, 8);(18, 61);0.0027153921127319337
(64, 64, 2);(42, 8);(37, 36);0.006819712162017822
(64, 64, 2);(42, 8);(33, 44);0.012279935836791992
(64, 64, 2);(42, 8);(24, 59);0.002554527997970581
(64, 64, 2);(42, 8);(22, 59);0.0021065919399261474
(64, 64, 2);(42, 8);(32, 47);0.00797430419921875
(64, 64, 2);(42, 8);(22, 54);0.003759552001953125
(64, 64, 2);(42, 8);(22, 58);0.0020570240020751952
(64, 64, 2);(42, 8);(18, 55);0.0034409279823303224
(64, 64, 2);(42, 8);(23, 58);0.0034590399265289305
(64, 64, 2);(42, 8);(44, 30);0.005921472072601319
(64, 64, 2);(42, 8);(26, 49);0.005243391990661621
(64, 64, 2);(42, 8);(25, 54);0.004689087867736816
(64, 64, 2);(42, 8);(16, 62);0.0020711679458618164
(64, 64, 2);(42, 8);(37, 44);0.014993375778198242
(64, 64, 2);(42, 8);(43, 31);0.014927583694458008
(64, 64, 2);(42, 8);(16, 61);0.0021377599239349367
(64, 64, 2);(42, 8);(25, 56);0.0026958398818969728
(64, 64, 2);(42, 8);(28, 51);0.004562655925750733
(64, 64, 2);(42, 8);(19, 62);0.0021544640064239504
(64, 64, 2);(42, 8);(38, 52);0.002957887887954712
(64, 64, 2);(42, 8);(20, 59);0.0020613760948181153
(64, 64, 2);(42, 8);(40, 32);0.010832544326782226
(64, 64, 2);(42, 8);(22, 60);0.0021286718845367433
(64, 64, 2);(42, 8);(34, 57);0.0020337600708007814
(64, 64, 2);(42, 8);(26, 28);0.014434816360473633
(64, 64, 2);(42, 8);(19, 60);0.0028016641139984133
(64, 64, 2);(42, 8);(21, 60);0.0021268479824066164
(64, 64, 2);(42, 8);(17, 60);0.0030592639446258545
(64, 64, 4);(57, 5);(25, 51);0.00503872013092041
(64, 64, 4);(57, 5);(11, 60);0.002599231958389282
(64, 64, 4);(57, 5);(42, 29);0.008189663887023926
(64, 64, 4);(57, 5);(20, 58);0.002190592050552368
(64, 64, 4);(57, 5);(37, 49);0.004777472019195556
(64, 64, 4);(57, 5);(14, 58);0.003953696012496948
(64, 64, 4);(57, 5);(12, 60);0.0022714879512786865
(64, 64, 4);(57, 5);(19, 60);0.002076159954071045
(64, 64, 4);(57, 5);(24, 54);0.0022656641006469727
(64, 64, 4);(57, 5);(18, 58);0.0028458878993988038
(64, 64, 4);(57, 5);(21, 56);0.0021515839099884035
(64, 64, 4);(57, 5);(22, 54);0.004034719944000244
(64, 64, 4);(57, 5);(18, 61);0.002078752040863037
(64, 64, 4);(57, 5);(19, 60);0.0024398720264434816
(64, 64, 4);(57, 5);(33, 39);0.009356255531311036
(64, 64, 4);(57, 5);(32, 44);0.007473375797271729
(64, 64, 4);(57, 5);(19, 59);0.0033293440341949465
(64, 64, 4);(57, 5);(13, 62);0.0020936319828033447
(64, 64, 4);(57, 5);(32, 42);0.02613839912414551
(64, 64, 4);(57, 5);(26, 56);0.0035010879039764405
(64, 64, 4);(57, 5);(19, 60);0.002788095951080322
(64, 64, 4);(57, 5);(13, 60);0.004005568027496338
(64, 64, 4);(57, 5);(15, 62);0.0021556479930877684
(64, 64, 4);(57, 5);(37, 39);0.006416704177856445
(64, 64, 4);(57, 5);(18, 52);0.003740288019180298
(64, 64, 4);(57, 5);(10, 55);0.0028424320220947264
(64, 64, 4);(57, 5);(19, 59);0.0025305919647216797
(64, 64, 4);(57, 5);(24, 47);0.008292160034179687
(64, 64, 4);(57, 5);(23, 55);0.0066202559471130375
(64, 64, 4);(57, 5);(21, 51);0.003811840057373047
(64, 64, 8);(13, 45);(32, 51);0.005088319778442383
(64, 64, 8);(13, 45);(35, 58);0.0021430718898773193
(64, 64, 8);(13, 45);(47, 39);0.008020607948303223
(64, 64, 8);(13, 45);(35, 52);0.005041183948516846
(64, 64, 8);(13, 45);(27, 60);0.002086400032043457
(64, 64, 8);(13, 45);(48, 41);0.004957248210906982
(64, 64, 8);(13, 45);(19, 36);0.014915103912353516
(64, 64, 8);(13, 45);(29, 37);0.015022047996520996
(64, 64, 8);(13, 45);(28, 13);0.014780768394470215
(64, 64, 8);(13, 45);(19, 6);0.015142975807189941
(64, 64, 8);(13, 45);(31, 56);0.0033638079166412355
(64, 64, 8);(13, 45);(31, 44);0.015325535774230957
(64, 64, 8);(13, 45);(42, 46);0.0021064000129699706
(64, 64, 8);(13, 45);(41, 41);0.009610527992248536
(64, 64, 8);(13, 45);(47, 38);0.015351136207580567
(64, 64, 8);(13, 45);(25, 58);0.0020984001159667968
(64, 64, 8);(13, 45);(20, 27);0.015601759910583496
(64, 64, 8);(13, 45);(29, 14);0.01528502368927002
(64, 64, 8);(13, 45);(31, 56);0.015213567733764649
(64, 64, 8);(13, 45);(37, 54);0.004011744022369384
(64, 64, 8);(13, 45);(29, 57);0.003373759984970093
(64, 64, 8);(13, 45);(28, 57);0.003505376100540161
(64, 64, 8);(13, 45);(34, 50);0.0027632958889007566
(64, 64, 8);(13, 45);(32, 56);0.0027744319438934325
(64, 64, 8);(13, 45);(27, 57);0.002071552038192749
(64, 64, 8);(13, 45);(12, 23);0.01491113567352295
(64, 64, 8);(13, 45);(33, 47);0.004620416164398193
(64, 64, 8);(13, 45);(18, 16);0.015119808197021484
(64, 64, 8);(13, 45);(23, 61);0.0021032640933990477
(64, 64, 8);(13, 45);(29, 24);0.014631135940551758
(64, 64, 16);(49, 38);(47, 60);0.0027185280323028566
(64, 64, 16);(49, 38);(31, 28);0.015140224456787109
(64, 64, 16);(49, 38);(32, 29);0.014897215843200683
(64, 64, 16);(49, 38);(30, 25);0.014785759925842286
(64, 64, 16);(49, 38);(45, 61);0.002469343900680542
(64, 64, 16);(49, 38);(20, 31);0.014996864318847657
(64, 64, 16);(49, 38);(32, 27);0.015177760124206543
(64, 64, 16);(49, 38);(38, 38);0.014602368354797363
(64, 64, 16);(49, 38);(52, 61);0.005593183994293213
(64, 64, 16);(49, 38);(20, 37);0.014632224082946777
(64, 64, 16);(49, 38);(45, 61);0.0027257919311523436
(64, 64, 16);(49, 38);(28, 26);0.014800640106201171
(64, 64, 16);(49, 38);(22, 33);0.01495036792755127
(64, 64, 16);(49, 38);(34, 35);0.015433152198791504
(64, 64, 16);(49, 38);(36, 35);0.014738143920898438
(64, 64, 16);(49, 38);(56, 56);0.0030785279273986815
(64, 64, 16);(49, 38);(35, 28);0.014973952293395995
(64, 64, 16);(49, 38);(31, 26);0.014870176315307617
(64, 64, 16);(49, 38);(30, 26);0.015154815673828126
(64, 64, 16);(49, 38);(49, 61);0.002468767881393433
(64, 64, 16);(49, 38);(51, 59);0.002249919891357422
(64, 64, 16);(49, 38);(29, 35);0.014793567657470703
(64, 64, 16);(49, 38);(28, 28);0.014749759674072266
(64, 64, 16);(49, 38);(55, 59);0.004478943824768066
(64, 64, 16);(49, 38);(26, 22);0.014776448249816894
(64, 64, 16);(49, 38);(50, 58);0.0036435840129852297
(64, 64, 16);(49, 38);(23, 35);0.014930015563964843
(64, 64, 16);(49, 38);(27, 29);0.023041568756103515
(64, 64, 16);(49, 38);(26, 27);0.014797375679016114
(64, 64, 16);(49, 38);(51, 61);0.0020740160942077637
(64, 64, 32);(32, 7);(30, 50);0.0072226881980896
(64, 64, 32);(32, 7);(41, 39);0.014895744323730468
(64, 64, 32);(32, 7);(38, 33);0.014977055549621582
(64, 64, 32);(32, 7);(26, 52);0.005108831882476806
(64, 64, 32);(32, 7);(34, 42);0.006268352031707764
(64, 64, 32);(32, 7);(24, 57);0.00308732795715332
(64, 64, 32);(32, 7);(18, 61);0.002038367986679077
(64, 64, 32);(32, 7);(27, 57);0.0026663999557495115
(64, 64, 32);(32, 7);(19, 58);0.00337062406539917
(64, 64, 32);(32, 7);(27, 55);0.004075136184692383
(64, 64, 32);(32, 7);(32, 49);0.003810688018798828
(64, 64, 32);(32, 7);(19, 57);0.004346015930175781
(64, 64, 32);(32, 7);(29, 55);0.0020392000675201415
(64, 64, 32);(32, 7);(40, 40);0.004850719928741455
(64, 64, 32);(32, 7);(15, 60);0.0021296319961547853
(64, 64, 32);(32, 7);(21, 56);0.003019520044326782
(64, 64, 32);(32, 7);(20, 57);0.002757823944091797
(64, 64, 32);(32, 7);(19, 60);0.002004767894744873
(64, 64, 32);(32, 7);(19, 62);0.0020564160346984864
(64, 64, 32);(32, 7);(31, 44);0.007464767932891846
(64, 64, 32);(32, 7);(23, 58);0.0020471999645233154
(64, 64, 32);(32, 7);(25, 53);0.005454112052917481
(64, 64, 32);(32, 7);(13, 63);0.0021079039573669435
(64, 64, 32);(32, 7);(15, 60);0.0027484478950500486
(64, 64, 32);(32, 7);(33, 49);0.00961638355255127
(64, 64, 32);(32, 7);(31, 52);0.0034797120094299315
(64, 64, 32);(32, 7);(37, 48);0.01514799976348877
(64, 64, 32);(32, 7);(22, 52);0.0035510079860687255
(64, 64, 32);(32, 7);(30, 53);0.002706048011779785
(64, 64, 32);(32, 7);(29, 34);0.01482908821105957
(64, 64, 64);(18, 5);(16, 59);0.0021012160778045652
(64, 64, 64);(18, 5);(38, 33);0.011437472343444824
(64, 64, 64);(18, 5);(28, 44);0.00632912015914917
(64, 64, 64);(18, 5);(51, 37);0.0034297919273376465
(64, 64, 64);(18, 5);(24, 55);0.0023727679252624513
(64, 64, 64);(18, 5);(29, 40);0.009902079582214356
(64, 64, 64);(18, 5);(36, 32);0.014985535621643066
(64, 64, 64);(18, 5);(29, 46);0.009214495658874512
(64, 64, 64);(18, 5);(26, 52);0.005868415832519531
(64, 64, 64);(18, 5);(22, 57);0.0021146879196166993
(64, 64, 64);(18, 5);(19, 59);0.003009119987487793
(64, 64, 64);(18, 5);(17, 59);0.0024704320430755616
(64, 64, 64);(18, 5);(16, 55);0.00495036792755127
(64, 64, 64);(18, 5);(34, 37);0.015099935531616211
(64, 64, 64);(18, 5);(34, 38);0.01646438407897949
(64, 64, 64);(18, 5);(32, 43);0.005439583778381348
(64, 64, 64);(18, 5);(20, 54);0.008225119590759278
(64, 64, 64);(18, 5);(25, 45);0.013911135673522949
(64, 64, 64);(18, 5);(15, 60);0.002093600034713745
(64, 64, 64);(18, 5);(19, 14);0.01992073631286621
(64, 64, 64);(18, 5);(16, 61);0.0021835200786590576
(64, 64, 64);(18, 5);(24, 51);0.00621072006225586
(64, 64, 64);(18, 5);(24, 45);0.006227456092834473
(64, 64, 64);(18, 5);(19, 62);0.002050271987915039
(64, 64, 64);(18, 5);(12, 61);0.002083775997161865
(64, 64, 64);(18, 5);(17, 59);0.0028208000659942626
(64, 64, 64);(18, 5);(32, 45);0.008559071540832519
(64, 64, 64);(18, 5);(24, 50);0.0026783039569854734
(64, 64, 64);(18, 5);(25, 47);0.006105567932128906
(64, 64, 64);(18, 5);(24, 57);0.002661600112915039
(64, 64, 128);(63, 64);(43, 32);0.01898431968688965
(64, 64, 128);(63, 64);(46, 24);0.018833087921142577
(64, 64, 128);(63, 64);(46, 24);0.019253856658935548
(64, 64, 128);(63, 64);(23, 36);0.019108896255493165
(64, 64, 128);(63, 64);(33, 36);0.01909987258911133
(64, 64, 128);(63, 64);(26, 38);0.01893654441833496
(64, 64, 128);(63, 64);(33, 22);0.02621366310119629
(64, 64, 128);(63, 64);(24, 35);0.018660383224487306
(64, 64, 128);(63, 64);(32, 35);0.019522239685058593
(64, 64, 128);(63, 64);(40, 15);0.019145055770874022
(64, 64, 128);(63, 64);(26, 20);0.01984761619567871
(64, 64, 128);(63, 64);(41, 46);0.018910816192626953
(64, 64, 128);(63, 64);(51, 38);0.019190336227416994
(64, 64, 128);(63, 64);(18, 33);0.018900896072387697
(64, 64, 128);(63, 64);(24, 49);0.018655040740966796
(64, 64, 128);(63, 64);(50, 27);0.01870128059387207
(64, 64, 128);(63, 64);(21, 33);0.019422880172729494
(64, 64, 128);(63, 64);(34, 40);0.0185930233001709
(64, 64, 128);(63, 64);(11, 31);0.01880099105834961
(64, 64, 128);(63, 64);(30, 23);0.0189102725982666
(64, 64, 128);(63, 64);(36, 41);0.019371360778808595
(64, 64, 128);(63, 64);(32, 27);0.019361183166503905
(64, 64, 128);(63, 64);(38, 17);0.01905708885192871
(64, 64, 128);(63, 64);(34, 35);0.019170623779296875
(64, 64, 128);(63, 64);(38, 41);0.019512096405029298
(64, 64, 128);(63, 64);(17, 38);0.019283935546875
(64, 64, 128);(63, 64);(47, 27);0.01871308708190918
(64, 64, 128);(63, 64);(41, 33);0.018649599075317384
(64, 64, 128);(63, 64);(64, 64);0.0026130878925323484
(64, 64, 128);(63, 64);(21, 29);0.018563104629516602
(64, 64, 256);(13, 12);(64, 64);0.005551743984222412
(64, 64, 256);(13, 12);(63, 61);0.009214816093444824
(64, 64, 256);(13, 12);(64, 64);0.007111104011535645
(64, 64, 256);(13, 12);(64, 64);0.007582015991210937
(64, 64, 256);(13, 12);(64, 64);0.003946880102157593
(64, 64, 256);(13, 12);(64, 64);0.007031263828277588
(64, 64, 256);(13, 12);(64, 64);0.003930560111999512
(64, 64, 256);(13, 12);(64, 64);0.005292319774627686
(64, 64, 256);(13, 12);(64, 64);0.009212287902832031
(64, 64, 256);(13, 12);(64, 64);0.004324639797210693
(64, 64, 256);(13, 12);(64, 64);0.004003200054168701
(64, 64, 256);(13, 12);(64, 64);0.009441823959350585
(64, 64, 256);(13, 12);(64, 64);0.004034912109375
(64, 64, 256);(13, 12);(64, 52);0.008882719993591309
(64, 64, 256);(13, 12);(64, 64);0.004335135936737061
(64, 64, 256);(13, 12);(55, 63);0.017348480224609376
(64, 64, 256);(13, 12);(64, 64);0.004047008037567139
(64, 64, 256);(13, 12);(64, 64);0.00684006404876709
(64, 64, 256);(13, 12);(64, 50);0.01703433609008789
(64, 64, 256);(13, 12);(64, 64);0.007014783859252929
(64, 64, 256);(13, 12);(64, 64);0.006777472019195556
(64, 64, 256);(13, 12);(64, 64);0.00838361644744873
(64, 64, 256);(13, 12);(64, 64);0.009663583755493164
(64, 64, 256);(13, 12);(64, 64);0.005255616188049316
(64, 64, 256);(13, 12);(64, 64);0.00945359992980957
(64, 64, 256);(13, 12);(64, 51);0.020841888427734375
(64, 64, 256);(13, 12);(64, 64);0.004393951892852783
(64, 64, 256);(13, 12);(64, 64);0.012161664009094238
(64, 64, 256);(13, 12);(64, 64);0.009602368354797363
(64, 64, 256);(13, 12);(64, 64);0.004049088001251221
(64, 64, 512);(21, 17);(64, 64);0.010080575942993164
(64, 64, 512);(21, 17);(10, 16);0.03630268859863281
(64, 64, 512);(21, 17);(64, 64);0.007333471775054932
(64, 64, 512);(21, 17);(64, 64);0.009789088249206542
(64, 64, 512);(21, 17);(34, 23);0.0413109130859375
(64, 64, 512);(21, 17);(64, 64);0.007624351978302002
(64, 64, 512);(21, 17);(10, 17);0.057446464538574216
(64, 64, 512);(21, 17);(16, 11);0.07042829132080078
(64, 64, 512);(21, 17);(64, 64);0.014981120109558106
(64, 64, 512);(21, 17);(49, 30);0.017082048416137696
(64, 64, 512);(21, 17);(64, 60);0.012472831726074218
(64, 64, 512);(21, 17);(64, 64);0.010257856369018555
(64, 64, 512);(21, 17);(41, 17);0.03435424041748047
(64, 64, 512);(21, 17);(27, 17);0.04584089660644531
(64, 64, 512);(21, 17);(32, 48);0.02670751953125
(64, 64, 512);(21, 17);(64, 64);0.012311552047729492
(64, 64, 512);(21, 17);(9, 13);0.0596209602355957
(64, 64, 512);(21, 17);(64, 64);0.007502816200256348
(64, 64, 512);(21, 17);(64, 64);0.0074683518409729005
(64, 64, 512);(21, 17);(64, 64);0.007264768123626709
(64, 64, 512);(21, 17);(64, 64);0.01670035171508789
(64, 64, 512);(21, 17);(61, 57);0.014446623802185058
(64, 64, 512);(21, 17);(64, 64);0.012461536407470703
(64, 64, 512);(21, 17);(64, 64);0.007250080108642578
(64, 64, 512);(21, 17);(48, 49);0.043808353424072265
(64, 64, 512);(21, 17);(11, 13);0.06726982116699219
(64, 64, 512);(21, 17);(15, 3);0.06269257736206055
(64, 64, 512);(21, 17);(16, 22);0.031863616943359374
(64, 64, 512);(21, 17);(64, 61);0.012323904037475585
(64, 64, 512);(21, 17);(64, 63);0.012365632057189942
(64, 64, 1024);(29, 64);(17, 15);0.10484111785888672
(64, 64, 1024);(29, 64);(24, 23);0.10612445068359375
(64, 64, 1024);(29, 64);(64, 64);0.015500032424926757
(64, 64, 1024);(29, 64);(4, 22);0.1052332763671875
(64, 64, 1024);(29, 64);(19, 14);0.10440704345703125
(64, 64, 1024);(29, 64);(16, 21);0.1040598373413086
(64, 64, 1024);(29, 64);(9, 19);0.1042192611694336
(64, 64, 1024);(29, 64);(13, 8);0.10475949096679688
(64, 64, 1024);(29, 64);(12, 15);0.10466252899169921
(64, 64, 1024);(29, 64);(10, 14);0.10480758666992188
(64, 64, 1024);(29, 64);(16, 14);0.10444483184814453
(64, 64, 1024);(29, 64);(64, 64);0.015085599899291991
(64, 64, 1024);(29, 64);(11, 15);0.10517027282714844
(64, 64, 1024);(29, 64);(19, 20);0.10428937530517578
(64, 64, 1024);(29, 64);(16, 13);0.10434041595458984
(64, 64, 1024);(29, 64);(14, 16);0.11425347137451172
(64, 64, 1024);(29, 64);(14, 17);0.10955782318115234
(64, 64, 1024);(29, 64);(12, 16);0.10437948608398437
(64, 64, 1024);(29, 64);(25, 14);0.10434076690673828
(64, 64, 1024);(29, 64);(16, 14);0.10941414642333984
(64, 64, 1024);(29, 64);(16, 17);0.10505667114257812
(64, 64, 1024);(29, 64);(16, 14);0.11450457763671874
(64, 64, 1024);(29, 64);(18, 16);0.10481922912597656
(64, 64, 1024);(29, 64);(16, 14);0.10436787414550781
(64, 64, 1024);(29, 64);(13, 19);0.10449056243896485
(64, 64, 1024);(29, 64);(8, 23);0.10506140899658203
(64, 64, 1024);(29, 64);(14, 20);0.10483548736572265
(64, 64, 1024);(29, 64);(14, 11);0.10957545471191406
(64, 64, 1024);(29, 64);(16, 10);0.10436707305908204
(64, 64, 1024);(29, 64);(10, 14);0.10438454437255859
(64, 64, 64, 2);(52, 18, 46);(52, 18, 46);0.010823424339294434
(64, 64, 64, 2);(52, 18, 46);(52, 18, 46);0.020686912536621093
(64, 64, 64, 2);(52, 18, 46);(52, 18, 46);0.015735424041748047
(64, 64, 64, 2);(52, 18, 46);(52, 18, 46);0.00754585599899292
(64, 64, 64, 2);(52, 18, 46);(52, 18, 46);0.011242303848266601
(64, 64, 64, 2);(52, 18, 46);(52, 18, 46);0.014404159545898437
(64, 64, 64, 2);(52, 18, 46);(52, 18, 46);0.010670495986938476
(64, 64, 64, 2);(52, 18, 46);(52, 18, 46);0.013231871604919433
(64, 64, 64, 2);(52, 18, 46);(52, 18, 46);0.011793055534362794
(64, 64, 64, 2);(52, 18, 46);(52, 18, 46);0.009328479766845704
(64, 64, 64, 2);(52, 18, 46);(52, 18, 46);0.009496128082275391
(64, 64, 64, 2);(52, 18, 46);(52, 18, 46);0.01113590431213379
(64, 64, 64, 2);(52, 18, 46);(52, 18, 46);0.009075008392333984
(64, 64, 64, 2);(52, 18, 46);(52, 18, 46);0.0145731840133667
(64, 64, 64, 2);(52, 18, 46);(52, 18, 46);0.009463040351867676
(64, 64, 64, 2);(52, 18, 46);(52, 18, 46);0.009125375747680664
(64, 64, 64, 2);(52, 18, 46);(52, 18, 46);0.008840352058410645
(64, 64, 64, 2);(52, 18, 46);(52, 18, 46);0.01008188819885254
(64, 64, 64, 2);(52, 18, 46);(52, 18, 46);0.007678815841674805
(64, 64, 64, 2);(52, 18, 46);(52, 18, 46);0.0079269437789917
(64, 64, 64, 2);(52, 18, 46);(52, 18, 46);0.007228928089141846
(64, 64, 64, 2);(52, 18, 46);(52, 18, 46);0.020492544174194337
(64, 64, 64, 2);(52, 18, 46);(52, 18, 46);0.014436223983764648
(64, 64, 64, 2);(52, 18, 46);(52, 18, 46);0.01057369613647461
(64, 64, 64, 2);(52, 18, 46);(52, 18, 46);0.010223551750183106
(64, 64, 64, 2);(52, 18, 46);(52, 18, 46);0.012090880393981934
(64, 64, 64, 2);(52, 18, 46);(52, 18, 46);0.012012895584106445
(64, 64, 64, 2);(52, 18, 46);(52, 18, 46);0.010574080467224122
(64, 64, 64, 2);(52, 18, 46);(52, 18, 46);0.01019808006286621
(64, 64, 64, 2);(52, 18, 46);(52, 18, 46);0.014360896110534668
(64, 64, 64, 4);(7, 49, 54);(7, 49, 54);0.018275871276855468
(64, 64, 64, 4);(7, 49, 54);(7, 49, 54);0.01969033622741699
(64, 64, 64, 4);(7, 49, 54);(7, 49, 54);0.014211296081542969
(64, 64, 64, 4);(7, 49, 54);(7, 49, 54);0.012161439895629882
(64, 64, 64, 4);(7, 49, 54);(7, 49, 54);0.027223136901855467
(64, 64, 64, 4);(7, 49, 54);(7, 49, 54);0.019239967346191406
(64, 64, 64, 4);(7, 49, 54);(7, 49, 54);0.011474143981933594
(64, 64, 64, 4);(7, 49, 54);(7, 49, 54);0.02052672004699707
(64, 64, 64, 4);(7, 49, 54);(7, 49, 54);0.010432576179504395
(64, 64, 64, 4);(7, 49, 54);(7, 49, 54);0.014889535903930664
(64, 64, 64, 4);(7, 49, 54);(7, 49, 54);0.017178943634033203
(64, 64, 64, 4);(7, 49, 54);(7, 49, 54);0.015565759658813476
(64, 64, 64, 4);(7, 49, 54);(7, 49, 54);0.01825814437866211
(64, 64, 64, 4);(7, 49, 54);(7, 49, 54);0.02199782371520996
(64, 64, 64, 4);(7, 49, 54);(7, 49, 54);0.016941728591918944
(64, 64, 64, 4);(7, 49, 54);(7, 49, 54);0.022922048568725584
(64, 64, 64, 4);(7, 49, 54);(7, 49, 54);0.01554755210876465
(64, 64, 64, 4);(7, 49, 54);(7, 49, 54);0.011239328384399415
(64, 64, 64, 4);(7, 49, 54);(7, 49, 54);0.015893823623657228
(64, 64, 64, 4);(7, 49, 54);(7, 49, 54);0.01308409595489502
(64, 64, 64, 4);(7, 49, 54);(7, 49, 54);0.017000831604003907
(64, 64, 64, 4);(7, 49, 54);(7, 49, 54);0.010661567687988281
(64, 64, 64, 4);(7, 49, 54);(7, 49, 54);0.023113983154296875
(64, 64, 64, 4);(7, 49, 54);(7, 49, 54);0.01455583953857422
(64, 64, 64, 4);(7, 49, 54);(7, 49, 54);0.015892127990722656
(64, 64, 64, 4);(7, 49, 54);(7, 49, 54);0.011648575782775878
(64, 64, 64, 4);(7, 49, 54);(7, 49, 54);0.01563804817199707
(64, 64, 64, 4);(7, 49, 54);(7, 49, 54);0.023488704681396484
(64, 64, 64, 4);(7, 49, 54);(7, 49, 54);0.012803744316101075
(64, 64, 64, 4);(7, 49, 54);(7, 49, 54);0.017127231597900392
(64, 64, 64, 8);(53, 44, 10);(53, 44, 10);0.012885536193847656
(64, 64, 64, 8);(53, 44, 10);(53, 44, 10);0.029921024322509766
(64, 64, 64, 8);(53, 44, 10);(53, 44, 10);0.021183040618896483
(64, 64, 64, 8);(53, 44, 10);(53, 44, 10);0.011997952461242675
(64, 64, 64, 8);(53, 44, 10);(53, 44, 10);0.023099231719970702
(64, 64, 64, 8);(53, 44, 10);(53, 44, 10);0.01541708755493164
(64, 64, 64, 8);(53, 44, 10);(53, 44, 10);0.015601471900939941
(64, 64, 64, 8);(53, 44, 10);(53, 44, 10);0.013076160430908203
(64, 64, 64, 8);(53, 44, 10);(53, 44, 10);0.025068511962890627
(64, 64, 64, 8);(53, 44, 10);(53, 44, 10);0.02123574447631836
(64, 64, 64, 8);(53, 44, 10);(53, 44, 10);0.028793664932250978
(64, 64, 64, 8);(53, 44, 10);(53, 44, 10);0.012989472389221192
(64, 64, 64, 8);(53, 44, 10);(53, 44, 10);0.00901369571685791
(64, 64, 64, 8);(53, 44, 10);(53, 44, 10);0.025957759857177735
(64, 64, 64, 8);(53, 44, 10);(53, 44, 10);0.022052288055419922
(64, 64, 64, 8);(53, 44, 10);(53, 44, 10);0.017797727584838868
(64, 64, 64, 8);(53, 44, 10);(53, 44, 10);0.01295024013519287
(64, 64, 64, 8);(53, 44, 10);(53, 44, 10);0.014050592422485351
(64, 64, 64, 8);(53, 44, 10);(53, 44, 10);0.02205779266357422
(64, 64, 64, 8);(53, 44, 10);(53, 44, 10);0.016676000595092774
(64, 64, 64, 8);(53, 44, 10);(53, 44, 10);0.03486054229736328
(64, 64, 64, 8);(53, 44, 10);(53, 44, 10);0.010198304176330567
(64, 64, 64, 8);(53, 44, 10);(53, 44, 10);0.024106496810913085
(64, 64, 64, 8);(53, 44, 10);(53, 44, 10);0.013941408157348633
(64, 64, 64, 8);(53, 44, 10);(53, 44, 10);0.010229727745056153
(64, 64, 64, 8);(53, 44, 10);(53, 44, 10);0.02138889694213867
(64, 64, 64, 8);(53, 44, 10);(53, 44, 10);0.007922111988067627
(64, 64, 64, 8);(53, 44, 10);(53, 44, 10);0.015732288360595703
(64, 64, 64, 8);(53, 44, 10);(53, 44, 10);0.01933910369873047
(64, 64, 64, 8);(53, 44, 10);(53, 44, 10);0.023163295745849608
(64, 64, 64, 16);(62, 27, 9);(62, 27, 9);0.0219835205078125
(64, 64, 64, 16);(62, 27, 9);(62, 27, 9);0.02075948715209961
(64, 64, 64, 16);(62, 27, 9);(62, 27, 9);0.020686880111694336
(64, 64, 64, 16);(62, 27, 9);(62, 27, 9);0.0241376953125
(64, 64, 64, 16);(62, 27, 9);(62, 27, 9);0.019651615142822265
(64, 64, 64, 16);(62, 27, 9);(62, 27, 9);0.020768543243408204
(64, 64, 64, 16);(62, 27, 9);(62, 27, 9);0.02187606430053711
(64, 64, 64, 16);(62, 27, 9);(62, 27, 9);0.014734175682067871
(64, 64, 64, 16);(62, 27, 9);(62, 27, 9);0.010768511772155761
(64, 64, 64, 16);(62, 27, 9);(62, 27, 9);0.015824928283691406
(64, 64, 64, 16);(62, 27, 9);(62, 27, 9);0.014436832427978516
(64, 64, 64, 16);(62, 27, 9);(62, 27, 9);0.015475808143615722
(64, 64, 64, 16);(62, 27, 9);(62, 27, 9);0.013116831779479981
(64, 64, 64, 16);(62, 27, 9);(62, 27, 9);0.018297216415405274
(64, 64, 64, 16);(62, 27, 9);(62, 27, 9);0.026895328521728514
(64, 64, 64, 16);(62, 27, 9);(62, 27, 9);0.0157578239440918
(64, 64, 64, 16);(62, 27, 9);(62, 27, 9);0.02438374328613281
(64, 64, 64, 16);(62, 27, 9);(62, 27, 9);0.015454751968383789
(64, 64, 64, 16);(62, 27, 9);(62, 27, 9);0.027244863510131837
(64, 64, 64, 16);(62, 27, 9);(62, 27, 9);0.023146688461303713
(64, 64, 64, 16);(62, 27, 9);(62, 27, 9);0.03194643211364746
(64, 64, 64, 16);(62, 27, 9);(62, 27, 9);0.014294976234436036
(64, 64, 64, 16);(62, 27, 9);(62, 27, 9);0.01024988842010498
(64, 64, 64, 16);(62, 27, 9);(62, 27, 9);0.019033920288085936
(64, 64, 64, 16);(62, 27, 9);(62, 27, 9);0.013161664009094238
(64, 64, 64, 16);(62, 27, 9);(62, 27, 9);0.023250400543212892
(64, 64, 64, 16);(62, 27, 9);(62, 27, 9);0.013080512046813965
(64, 64, 64, 16);(62, 27, 9);(62, 27, 9);0.03884207916259766
(64, 64, 64, 16);(62, 27, 9);(62, 27, 9);0.014482399940490723
(64, 64, 64, 16);(62, 27, 9);(62, 27, 9);0.01729916763305664
(64, 64, 64, 32);(53, 35, 59);(53, 35, 59);0.010293472290039062
(64, 64, 64, 32);(53, 35, 59);(53, 35, 59);0.005351935863494873
(64, 64, 64, 32);(53, 35, 59);(53, 35, 59);0.005667263984680176
(64, 64, 64, 32);(53, 35, 59);(53, 35, 59);0.003948512077331543
(64, 64, 64, 32);(53, 35, 59);(53, 35, 59);0.005557951927185059
(64, 64, 64, 32);(53, 35, 59);(53, 35, 59);0.0054477438926696774
(64, 64, 64, 32);(53, 35, 59);(53, 35, 59);0.003813055992126465
(64, 64, 64, 32);(53, 35, 59);(53, 35, 59);0.003911072015762329
(64, 64, 64, 32);(53, 35, 59);(53, 35, 59);0.005259679794311523
(64, 64, 64, 32);(53, 35, 59);(53, 35, 59);0.004469696044921875
(64, 64, 64, 32);(53, 35, 59);(53, 35, 59);0.003866944074630737
(64, 64, 64, 32);(53, 35, 59);(53, 35, 59);0.005068416118621826
(64, 64, 64, 32);(53, 35, 59);(53, 35, 59);0.006802144050598144
(64, 64, 64, 32);(53, 35, 59);(53, 35, 59);0.004112927913665771
(64, 64, 64, 32);(53, 35, 59);(53, 35, 59);0.005429152011871338
(64, 64, 64, 32);(53, 35, 59);(53, 35, 59);0.005194047927856446
(64, 64, 64, 32);(53, 35, 59);(53, 35, 59);0.003842655897140503
(64, 64, 64, 32);(53, 35, 59);(53, 35, 59);0.014307904243469238
(64, 64, 64, 32);(53, 35, 59);(53, 35, 59);0.004257728099822998
(64, 64, 64, 32);(53, 35, 59);(53, 35, 59);0.01072316837310791
(64, 64, 64, 32);(53, 35, 59);(53, 35, 59);0.005340640068054199
(64, 64, 64, 32);(53, 35, 59);(53, 35, 59);0.004542975902557373
(64, 64, 64, 32);(53, 35, 59);(53, 35, 59);0.005202176094055176
(64, 64, 64, 32);(53, 35, 59);(53, 35, 59);0.003950144052505493
(64, 64, 64, 32);(53, 35, 59);(53, 35, 59);0.008496319770812989
(64, 64, 64, 32);(53, 35, 59);(53, 35, 59);0.004318463802337647
(64, 64, 64, 32);(53, 35, 59);(53, 35, 59);0.006896768093109131
(64, 64, 64, 32);(53, 35, 59);(53, 35, 59);0.012144224166870117
(64, 64, 64, 32);(53, 35, 59);(53, 35, 59);0.007119103908538819
(64, 64, 64, 32);(53, 35, 59);(53, 35, 59);0.006738976001739502
(64, 64, 64, 64);(56, 41, 33);(56, 41, 33);0.007829376220703125
(64, 64, 64, 64);(56, 41, 33);(56, 41, 33);0.005596127986907959
(64, 64, 64, 64);(56, 41, 33);(56, 41, 33);0.00828223991394043
(64, 64, 64, 64);(56, 41, 33);(56, 41, 33);0.007913343906402588
(64, 64, 64, 64);(56, 41, 33);(56, 41, 33);0.005325439929962158
(64, 64, 64, 64);(56, 41, 33);(56, 41, 33);0.005175039768218994
(64, 64, 64, 64);(56, 41, 33);(56, 41, 33);0.003920000076293945
(64, 64, 64, 64);(56, 41, 33);(56, 41, 33);0.0080863037109375
(64, 64, 64, 64);(56, 41, 33);(56, 41, 33);0.009013504028320312
(64, 64, 64, 64);(56, 41, 33);(56, 41, 33);0.0076119680404663085
(64, 64, 64, 64);(56, 41, 33);(56, 41, 33);0.007930463790893554
(64, 64, 64, 64);(56, 41, 33);(56, 41, 33);0.005406303882598877
(64, 64, 64, 64);(56, 41, 33);(56, 41, 33);0.004272863864898681
(64, 64, 64, 64);(56, 41, 33);(56, 41, 33);0.007096767902374268
(64, 64, 64, 64);(56, 41, 33);(56, 41, 33);0.006988831996917725
(64, 64, 64, 64);(56, 41, 33);(56, 41, 33);0.003952896118164063
(64, 64, 64, 64);(56, 41, 33);(56, 41, 33);0.0041873278617858885
(64, 64, 64, 64);(56, 41, 33);(56, 41, 33);0.02464076805114746
(64, 64, 64, 64);(56, 41, 33);(56, 41, 33);0.005241407871246338
(64, 64, 64, 64);(56, 41, 33);(56, 41, 33);0.005841279983520508
(64, 64, 64, 64);(56, 41, 33);(56, 41, 33);0.006616991996765137
(64, 64, 64, 64);(56, 41, 33);(56, 41, 33);0.0079137601852417
(64, 64, 64, 64);(56, 41, 33);(56, 41, 33);0.006688767910003662
(64, 64, 64, 64);(56, 41, 33);(56, 41, 33);0.007024511814117431
(64, 64, 64, 64);(56, 41, 33);(56, 41, 33);0.009310367584228516
(64, 64, 64, 64);(56, 41, 33);(56, 41, 33);0.006577727794647217
(64, 64, 64, 64);(56, 41, 33);(56, 41, 33);0.008991904258728027
(64, 64, 64, 64);(56, 41, 33);(56, 41, 33);0.005133887767791748
(64, 64, 64, 64);(56, 41, 33);(56, 41, 33);0.005550784111022949
(64, 64, 64, 64);(56, 41, 33);(56, 41, 33);0.008730560302734376
(64, 64, 64, 128);(49, 46, 41);(49, 46, 41);0.013978560447692872
(64, 64, 64, 128);(49, 46, 41);(49, 46, 41);0.004871744155883789
(64, 64, 64, 128);(49, 46, 41);(49, 46, 41);0.007836544036865234
(64, 64, 64, 128);(49, 46, 41);(49, 46, 41);0.01228444766998291
(64, 64, 64, 128);(49, 46, 41);(49, 46, 41);0.006220128059387207
(64, 64, 64, 128);(49, 46, 41);(49, 46, 41);0.010894623756408692
(64, 64, 64, 128);(49, 46, 41);(49, 46, 41);0.0382740478515625
(64, 64, 64, 128);(49, 46, 41);(49, 46, 41);0.018852928161621093
(64, 64, 64, 128);(49, 46, 41);(49, 46, 41);0.008008576393127442
(64, 64, 64, 128);(49, 46, 41);(49, 46, 41);0.009300415992736816
(64, 64, 64, 128);(49, 46, 41);(49, 46, 41);0.012947775840759278
(64, 64, 64, 128);(49, 46, 41);(49, 46, 41);0.008332415580749512
(64, 64, 64, 128);(49, 46, 41);(49, 46, 41);0.01448646354675293
(64, 64, 64, 128);(49, 46, 41);(49, 46, 41);0.008308320045471192
(64, 64, 64, 128);(49, 46, 41);(49, 46, 41);0.004955552101135254
(64, 64, 64, 128);(49, 46, 41);(49, 46, 41);0.006466815948486328
(64, 64, 64, 128);(49, 46, 41);(49, 46, 41);0.02464112091064453
(64, 64, 64, 128);(49, 46, 41);(49, 46, 41);0.015703264236450194
(64, 64, 64, 128);(49, 46, 41);(49, 46, 41);0.014185055732727051
(64, 64, 64, 128);(49, 46, 41);(49, 46, 41);0.004640192031860352
(64, 64, 64, 128);(49, 46, 41);(49, 46, 41);0.01411888027191162
(64, 64, 64, 128);(49, 46, 41);(49, 46, 41);0.006660736083984375
(64, 64, 64, 128);(49, 46, 41);(49, 46, 41);0.004710720062255859
(64, 64, 64, 128);(49, 46, 41);(49, 46, 41);0.0233276481628418
(64, 64, 64, 128);(49, 46, 41);(49, 46, 41);0.02818992042541504
(64, 64, 64, 128);(49, 46, 41);(49, 46, 41);0.01874483108520508
(64, 64, 64, 128);(49, 46, 41);(49, 46, 41);0.03231020736694336
(64, 64, 64, 128);(49, 46, 41);(49, 46, 41);0.014070879936218262
(64, 64, 64, 128);(49, 46, 41);(49, 46, 41);0.009244640350341797
(64, 64, 64, 128);(49, 46, 41);(49, 46, 41);0.010539263725280761
(64, 64, 64, 256);(23, 25, 62);(23, 25, 62);0.033436351776123044
(64, 64, 64, 256);(23, 25, 62);(23, 25, 62);0.02060860824584961
(64, 64, 64, 256);(23, 25, 62);(23, 25, 62);0.03332729721069336
(64, 64, 64, 256);(23, 25, 62);(23, 25, 62);0.02642527961730957
(64, 64, 64, 256);(23, 25, 62);(23, 25, 62);0.046111774444580075
(64, 64, 64, 256);(23, 25, 62);(23, 25, 62);0.05787030410766601
(64, 64, 64, 256);(23, 25, 62);(23, 25, 62);0.026521024703979493
(64, 64, 64, 256);(23, 25, 62);(23, 25, 62);0.04196918487548828
(64, 64, 64, 256);(23, 25, 62);(23, 25, 62);0.019923135757446288
(64, 64, 64, 256);(23, 25, 62);(23, 25, 62);0.02689593505859375
(64, 64, 64, 256);(23, 25, 62);(23, 25, 62);0.04227686309814453
(64, 64, 64, 256);(23, 25, 62);(23, 25, 62);0.022689695358276366
(64, 64, 64, 256);(23, 25, 62);(23, 25, 62);0.0705968017578125
(64, 64, 64, 256);(23, 25, 62);(23, 25, 62);0.031118303298950194
(64, 64, 64, 256);(23, 25, 62);(23, 25, 62);0.0489535026550293
(64, 64, 64, 256);(23, 25, 62);(23, 25, 62);0.11737366485595703
(64, 64, 64, 256);(23, 25, 62);(23, 25, 62);0.03284880065917969
(64, 64, 64, 256);(23, 25, 62);(23, 25, 62);0.02656835174560547
(64, 64, 64, 256);(23, 25, 62);(23, 25, 62);0.03762422561645508
(64, 64, 64, 256);(23, 25, 62);(23, 25, 62);0.029066976547241212
(64, 64, 64, 256);(23, 25, 62);(23, 25, 62);0.035904415130615236
(64, 64, 64, 256);(23, 25, 62);(23, 25, 62);0.02665760040283203
(64, 64, 64, 256);(23, 25, 62);(23, 25, 62);0.04641193771362305
(64, 64, 64, 256);(23, 25, 62);(23, 25, 62);0.03961699295043945
(64, 64, 64, 256);(23, 25, 62);(23, 25, 62);0.03115763282775879
(64, 64, 64, 256);(23, 25, 62);(23, 25, 62);0.05243913650512695
(64, 64, 64, 256);(23, 25, 62);(23, 25, 62);0.03984880065917969
(64, 64, 64, 256);(23, 25, 62);(23, 25, 62);0.039731582641601565
(64, 64, 64, 256);(23, 25, 62);(23, 25, 62);0.026342432022094728
(64, 64, 64, 256);(23, 25, 62);(23, 25, 62);0.03560140609741211
(64, 64, 64, 512);(25, 14, 33);(25, 14, 64);0.027377567291259765
(64, 64, 64, 512);(25, 14, 33);(25, 14, 64);0.012052448272705078
(64, 64, 64, 512);(25, 14, 33);(28, 14, 33);0.08499132537841797
(64, 64, 64, 512);(25, 14, 33);(25, 14, 47);0.08525532531738281
(64, 64, 64, 512);(25, 14, 33);(25, 14, 64);0.023820703506469726
(64, 64, 64, 512);(25, 14, 33);(25, 14, 64);0.015842495918273927
(64, 64, 64, 512);(25, 14, 33);(31, 14, 64);0.01581756782531738
(64, 64, 64, 512);(25, 14, 33);(25, 14, 64);0.011778047561645508
(64, 64, 64, 512);(25, 14, 33);(34, 14, 49);0.08465193939208984
(64, 64, 64, 512);(25, 14, 33);(25, 14, 64);0.019676095962524415
(64, 64, 64, 512);(25, 14, 33);(25, 14, 64);0.019514751434326173
(64, 64, 64, 512);(25, 14, 33);(25, 14, 64);0.011968768119812012
(64, 64, 64, 512);(25, 14, 33);(28, 14, 64);0.0387322883605957
(64, 64, 64, 512);(25, 14, 33);(35, 14, 64);0.015845600128173827
(64, 64, 64, 512);(25, 14, 33);(29, 14, 64);0.01221072006225586
(64, 64, 64, 512);(25, 14, 33);(30, 14, 64);0.02832147216796875
(64, 64, 64, 512);(25, 14, 33);(37, 14, 64);0.015845184326171876
(64, 64, 64, 512);(25, 14, 33);(25, 14, 64);0.012065152168273925
(64, 64, 64, 512);(25, 14, 33);(25, 14, 64);0.027547231674194338
(64, 64, 64, 512);(25, 14, 33);(25, 14, 64);0.023527103424072264
(64, 64, 64, 512);(25, 14, 33);(25, 14, 64);0.012112799644470216
(64, 64, 64, 512);(25, 14, 33);(25, 14, 64);0.01584102439880371
(64, 64, 64, 512);(25, 14, 33);(25, 18, 60);0.08571485137939452
(64, 64, 64, 512);(25, 14, 33);(29, 14, 33);0.0857146224975586
(64, 64, 64, 512);(25, 14, 33);(25, 14, 64);0.019884639739990235
(64, 64, 64, 512);(25, 14, 33);(35, 14, 34);0.08513065338134766
(64, 64, 64, 512);(25, 14, 33);(31, 14, 64);0.015885184288024903
(64, 64, 64, 512);(25, 14, 33);(25, 14, 64);0.011760160446166993
(64, 64, 64, 512);(25, 14, 33);(39, 14, 64);0.01183017635345459
(64, 64, 64, 512);(25, 14, 33);(25, 14, 64);0.01216102409362793
(64, 64, 64, 1024);(25, 39, 51);(25, 39, 51);0.2696138000488281
(64, 64, 64, 1024);(25, 39, 51);(25, 39, 51);0.1716084747314453
(64, 64, 64, 1024);(25, 39, 51);(25, 39, 51);0.1798985595703125
(64, 64, 64, 1024);(25, 39, 51);(25, 39, 51);0.2460807342529297
(64, 64, 64, 1024);(25, 39, 51);(25, 39, 51);0.2237875518798828
(64, 64, 64, 1024);(25, 39, 51);(25, 39, 51);0.24633981323242188
(64, 64, 64, 1024);(25, 39, 51);(26, 40, 51);0.1647228546142578
(64, 64, 64, 1024);(25, 39, 51);(10, 39, 50);0.3054707641601562
(64, 64, 64, 1024);(25, 39, 51);(25, 39, 51);0.3423839416503906
(64, 64, 64, 1024);(25, 39, 51);(25, 39, 51);0.17090521240234374
(64, 64, 64, 1024);(25, 39, 51);(25, 39, 51);0.17813462829589843
(64, 64, 64, 1024);(25, 39, 51);(25, 39, 51);0.29706085205078125
(64, 64, 64, 1024);(25, 39, 51);(25, 39, 51);0.274943359375
(64, 64, 64, 1024);(25, 39, 51);(26, 39, 50);0.283196044921875
(64, 64, 64, 1024);(25, 39, 51);(25, 39, 48);0.38769049072265627
(64, 64, 64, 1024);(25, 39, 51);(25, 39, 51);0.20152076721191406
(64, 64, 64, 1024);(25, 39, 51);(25, 39, 51);0.17858467102050782
(64, 64, 64, 1024);(25, 39, 51);(25, 39, 51);0.4665588684082031
(64, 64, 64, 1024);(25, 39, 51);(26, 39, 51);0.30619961547851565
(64, 64, 64, 1024);(25, 39, 51);(25, 39, 51);0.22492886352539063
(64, 64, 64, 1024);(25, 39, 51);(25, 39, 51);0.20246099853515626
(64, 64, 64, 1024);(25, 39, 51);(25, 39, 51);0.3499326782226562
(64, 64, 64, 1024);(25, 39, 51);(25, 39, 51);0.3415672607421875
(64, 64, 64, 1024);(25, 39, 51);(25, 39, 51);0.21511500549316406
(64, 64, 64, 1024);(25, 39, 51);(25, 32, 51);0.16446553039550782
(64, 64, 64, 1024);(25, 39, 51);(25, 39, 51);0.48593740844726563
(64, 64, 64, 1024);(25, 39, 51);(25, 39, 51);0.22395907592773437
(64, 64, 64, 1024);(25, 39, 51);(25, 39, 51);0.19353001403808595
(64, 64, 64, 1024);(25, 39, 51);(25, 39, 51);0.20836837768554686
(64, 64, 64, 1024);(25, 39, 51);(25, 39, 46);0.3877171325683594
(64, 64, 64, 64, 2);(13, 46, 6, 47);(13, 46, 6, 47);0.008999711990356445
(64, 64, 64, 64, 2);(13, 46, 6, 47);(13, 46, 6, 47);0.02587696075439453
(64, 64, 64, 64, 2);(13, 46, 6, 47);(13, 46, 6, 47);0.009146559715270995
(64, 64, 64, 64, 2);(13, 46, 6, 47);(13, 46, 6, 47);0.020084991455078124
(64, 64, 64, 64, 2);(13, 46, 6, 47);(13, 46, 6, 47);0.014200672149658203
(64, 64, 64, 64, 2);(13, 46, 6, 47);(13, 46, 6, 47);0.03106947135925293
(64, 64, 64, 64, 2);(13, 46, 6, 47);(13, 46, 6, 47);0.048978912353515626
(64, 64, 64, 64, 2);(13, 46, 6, 47);(13, 46, 6, 47);0.009111712455749512
(64, 64, 64, 64, 2);(13, 46, 6, 47);(13, 46, 6, 47);0.02058518409729004
(64, 64, 64, 64, 2);(13, 46, 6, 47);(13, 46, 6, 47);0.014198176383972168
(64, 64, 64, 64, 2);(13, 46, 6, 47);(13, 46, 6, 47);0.020184896469116212
(64, 64, 64, 64, 2);(13, 46, 6, 47);(13, 46, 6, 47);0.011566240310668946
(64, 64, 64, 64, 2);(13, 46, 6, 47);(13, 46, 6, 47);0.01426038360595703
(64, 64, 64, 64, 2);(13, 46, 6, 47);(13, 46, 6, 47);0.008741024017333985
(64, 64, 64, 64, 2);(13, 46, 6, 47);(13, 46, 6, 47);0.01969276809692383
(64, 64, 64, 64, 2);(13, 46, 6, 47);(13, 46, 6, 47);0.008822815895080566
(64, 64, 64, 64, 2);(13, 46, 6, 47);(13, 46, 6, 47);0.008919872283935548
(64, 64, 64, 64, 2);(13, 46, 6, 47);(13, 46, 6, 47);0.020115264892578123
(64, 64, 64, 64, 2);(13, 46, 6, 47);(13, 46, 6, 47);0.008730303764343262
(64, 64, 64, 64, 2);(13, 46, 6, 47);(13, 46, 6, 47);0.008534048080444336
(64, 64, 64, 64, 2);(13, 46, 6, 47);(13, 46, 6, 47);0.0194747200012207
(64, 64, 64, 64, 2);(13, 46, 6, 47);(13, 46, 6, 47);0.008565247535705567
(64, 64, 64, 64, 2);(13, 46, 6, 47);(13, 46, 6, 47);0.011238495826721191
(64, 64, 64, 64, 2);(13, 46, 6, 47);(13, 46, 6, 47);0.008627264022827149
(64, 64, 64, 64, 2);(13, 46, 6, 47);(13, 46, 6, 47);0.00870479965209961
(64, 64, 64, 64, 2);(13, 46, 6, 47);(13, 46, 6, 47);0.008896415710449218
(64, 64, 64, 64, 2);(13, 46, 6, 47);(13, 46, 6, 47);0.00861683177947998
(64, 64, 64, 64, 2);(13, 46, 6, 47);(13, 46, 6, 47);0.008746432304382325
(64, 64, 64, 64, 2);(13, 46, 6, 47);(13, 46, 6, 47);0.014243904113769532
(64, 64, 64, 64, 2);(13, 46, 6, 47);(13, 46, 6, 47);0.013888895988464356
(64, 64, 64, 64, 4);(18, 47, 25, 60);(18, 47, 25, 60);0.02207356834411621
(64, 64, 64, 64, 4);(18, 47, 25, 60);(18, 47, 25, 60);0.01109391975402832
(64, 64, 64, 64, 4);(18, 47, 25, 60);(18, 47, 25, 60);0.00834937572479248
(64, 64, 64, 64, 4);(18, 47, 25, 60);(18, 47, 25, 60);0.008330080032348633
(64, 64, 64, 64, 4);(18, 47, 25, 60);(18, 47, 25, 60);0.017166240692138672
(64, 64, 64, 64, 4);(18, 47, 25, 60);(18, 47, 25, 60);0.008871616363525391
(64, 64, 64, 64, 4);(18, 47, 25, 60);(18, 47, 25, 60);0.01709791946411133
(64, 64, 64, 64, 4);(18, 47, 25, 60);(18, 47, 25, 60);0.02841347122192383
(64, 64, 64, 64, 4);(18, 47, 25, 60);(18, 47, 25, 60);0.008713215827941894
(64, 64, 64, 64, 4);(18, 47, 25, 60);(18, 47, 25, 60);0.014477567672729492
(64, 64, 64, 64, 4);(18, 47, 25, 60);(18, 47, 25, 60);0.011384767532348633
(64, 64, 64, 64, 4);(18, 47, 25, 60);(18, 47, 25, 60);0.020236032485961914
(64, 64, 64, 64, 4);(18, 47, 25, 60);(18, 47, 25, 60);0.011546015739440918
(64, 64, 64, 64, 4);(18, 47, 25, 60);(18, 47, 25, 60);0.013933152198791503
(64, 64, 64, 64, 4);(18, 47, 25, 60);(18, 47, 25, 60);0.020025407791137696
(64, 64, 64, 64, 4);(18, 47, 25, 60);(18, 47, 25, 60);0.008589152336120606
(64, 64, 64, 64, 4);(18, 47, 25, 60);(18, 47, 25, 60);0.011067680358886719
(64, 64, 64, 64, 4);(18, 47, 25, 60);(18, 47, 25, 60);0.011236767768859863
(64, 64, 64, 64, 4);(18, 47, 25, 60);(18, 47, 25, 60);0.014792511940002442
(64, 64, 64, 64, 4);(18, 47, 25, 60);(18, 47, 25, 60);0.00913804817199707
(64, 64, 64, 64, 4);(18, 47, 25, 60);(18, 47, 25, 60);0.00882908821105957
(64, 64, 64, 64, 4);(18, 47, 25, 60);(18, 47, 25, 60);0.008654239654541016
(64, 64, 64, 64, 4);(18, 47, 25, 60);(18, 47, 25, 60);0.009090975761413574
(64, 64, 64, 64, 4);(18, 47, 25, 60);(18, 47, 25, 60);0.008705408096313476
(64, 64, 64, 64, 4);(18, 47, 25, 60);(18, 47, 25, 60);0.011538751602172851
(64, 64, 64, 64, 4);(18, 47, 25, 60);(18, 47, 25, 60);0.011667712211608887
(64, 64, 64, 64, 4);(18, 47, 25, 60);(18, 47, 25, 60);0.008947999954223632
(64, 64, 64, 64, 4);(18, 47, 25, 60);(18, 47, 25, 60);0.008893983840942383
(64, 64, 64, 64, 4);(18, 47, 25, 60);(18, 47, 25, 60);0.011633631706237792
(64, 64, 64, 64, 4);(18, 47, 25, 60);(18, 47, 25, 60);0.01713523292541504
(64, 64, 64, 64, 8);(4, 25, 62, 16);(4, 25, 62, 16);0.011418432235717773
(64, 64, 64, 64, 8);(4, 25, 62, 16);(4, 25, 62, 16);0.011461279869079589
(64, 64, 64, 64, 8);(4, 25, 62, 16);(4, 25, 62, 16);0.020256288528442384
(64, 64, 64, 64, 8);(4, 25, 62, 16);(4, 25, 62, 16);0.019585567474365233
(64, 64, 64, 64, 8);(4, 25, 62, 16);(4, 25, 62, 16);0.019750911712646483
(64, 64, 64, 64, 8);(4, 25, 62, 16);(4, 25, 62, 16);0.016901599884033204
(64, 64, 64, 64, 8);(4, 25, 62, 16);(4, 25, 62, 16);0.01448915195465088
(64, 64, 64, 64, 8);(4, 25, 62, 16);(4, 25, 62, 16);0.008879167556762695
(64, 64, 64, 64, 8);(4, 25, 62, 16);(4, 25, 62, 16);0.022708480834960937
(64, 64, 64, 64, 8);(4, 25, 62, 16);(4, 25, 62, 16);0.008473535537719727
(64, 64, 64, 64, 8);(4, 25, 62, 16);(4, 25, 62, 16);0.011932767868041993
(64, 64, 64, 64, 8);(4, 25, 62, 16);(4, 25, 62, 16);0.011480192184448242
(64, 64, 64, 64, 8);(4, 25, 62, 16);(4, 25, 62, 16);0.025675487518310548
(64, 64, 64, 64, 8);(4, 25, 62, 16);(4, 25, 62, 16);0.02816160011291504
(64, 64, 64, 64, 8);(4, 25, 62, 16);(4, 25, 62, 16);0.05936873626708984
(64, 64, 64, 64, 8);(4, 25, 62, 16);(4, 25, 62, 16);0.04282796859741211
(64, 64, 64, 64, 8);(4, 25, 62, 16);(4, 25, 62, 16);0.014308159828186034
(64, 64, 64, 64, 8);(4, 25, 62, 16);(4, 25, 62, 16);0.017199712753295897
(64, 64, 64, 64, 8);(4, 25, 62, 16);(4, 25, 62, 16);0.011573184013366699
(64, 64, 64, 64, 8);(4, 25, 62, 16);(4, 25, 62, 16);0.019642784118652345
(64, 64, 64, 64, 8);(4, 25, 62, 16);(4, 25, 62, 16);0.01410051155090332
(64, 64, 64, 64, 8);(4, 25, 62, 16);(4, 25, 62, 16);0.0390302734375
(64, 64, 64, 64, 8);(4, 25, 62, 16);(4, 25, 62, 16);0.016726240158081055
(64, 64, 64, 64, 8);(4, 25, 62, 16);(4, 25, 62, 16);0.0645134048461914
(64, 64, 64, 64, 8);(4, 25, 62, 16);(4, 25, 62, 16);0.01430998420715332
(64, 64, 64, 64, 8);(4, 25, 62, 16);(4, 25, 62, 16);0.022886816024780272
(64, 64, 64, 64, 8);(4, 25, 62, 16);(4, 25, 62, 16);0.028038784027099608
(64, 64, 64, 64, 8);(4, 25, 62, 16);(4, 25, 62, 16);0.008560192108154297
(64, 64, 64, 64, 8);(4, 25, 62, 16);(4, 25, 62, 16);0.02784873580932617
(64, 64, 64, 64, 8);(4, 25, 62, 16);(4, 25, 62, 16);0.034052734375
(64, 64, 64, 64, 16);(16, 19, 6, 62);(16, 19, 6, 62);0.02024115180969238
(64, 64, 64, 64, 16);(16, 19, 6, 62);(16, 19, 6, 62);0.008741536140441895
(64, 64, 64, 64, 16);(16, 19, 6, 62);(16, 19, 6, 62);0.008863776206970216
(64, 64, 64, 64, 16);(16, 19, 6, 62);(16, 19, 6, 62);0.01457107162475586
(64, 64, 64, 64, 16);(16, 19, 6, 62);(16, 19, 6, 62);0.014155232429504394
(64, 64, 64, 64, 16);(16, 19, 6, 62);(16, 19, 6, 62);0.013665984153747559
(64, 64, 64, 64, 16);(16, 19, 6, 62);(16, 19, 6, 62);0.008247391700744629
(64, 64, 64, 64, 16);(16, 19, 6, 62);(16, 19, 6, 62);0.022295360565185548
(64, 64, 64, 64, 16);(16, 19, 6, 62);(16, 19, 6, 62);0.00858518409729004
(64, 64, 64, 64, 16);(16, 19, 6, 62);(16, 19, 6, 62);0.017850175857543945
(64, 64, 64, 64, 16);(16, 19, 6, 62);(16, 19, 6, 62);0.014234623908996581
(64, 64, 64, 64, 16);(16, 19, 6, 62);(16, 19, 6, 62);0.008402336120605468
(64, 64, 64, 64, 16);(16, 19, 6, 62);(16, 19, 6, 62);0.01140124797821045
(64, 64, 64, 64, 16);(16, 19, 6, 62);(16, 19, 6, 62);0.00864470386505127
(64, 64, 64, 64, 16);(16, 19, 6, 62);(16, 19, 6, 62);0.014199520111083984
(64, 64, 64, 64, 16);(16, 19, 6, 62);(16, 19, 6, 62);0.008799488067626954
(64, 64, 64, 64, 16);(16, 19, 6, 62);(16, 19, 6, 62);0.011294207572937011
(64, 64, 64, 64, 16);(16, 19, 6, 62);(16, 19, 6, 62);0.011464672088623047
(64, 64, 64, 64, 16);(16, 19, 6, 62);(16, 19, 6, 62);0.01436787223815918
(64, 64, 64, 64, 16);(16, 19, 6, 62);(16, 19, 6, 62);0.008491711616516113
(64, 64, 64, 64, 16);(16, 19, 6, 62);(16, 19, 6, 62);0.011227968215942383
(64, 64, 64, 64, 16);(16, 19, 6, 62);(16, 19, 6, 62);0.01129843235015869
(64, 64, 64, 64, 16);(16, 19, 6, 62);(16, 19, 6, 62);0.011708352088928222
(64, 64, 64, 64, 16);(16, 19, 6, 62);(16, 19, 6, 62);0.008622271537780762
(64, 64, 64, 64, 16);(16, 19, 6, 62);(16, 19, 6, 62);0.01694915199279785
(64, 64, 64, 64, 16);(16, 19, 6, 62);(16, 19, 6, 62);0.019648160934448242
(64, 64, 64, 64, 16);(16, 19, 6, 62);(16, 19, 6, 62);0.028447935104370117
(64, 64, 64, 64, 16);(16, 19, 6, 62);(16, 19, 6, 62);0.008945823669433594
(64, 64, 64, 64, 16);(16, 19, 6, 62);(16, 19, 6, 62);0.008534624099731445
(64, 64, 64, 64, 16);(16, 19, 6, 62);(16, 19, 6, 62);0.008877408027648926
(64, 64, 64, 64, 32);(9, 18, 49, 64);(9, 18, 49, 64);0.011662816047668457
(64, 64, 64, 64, 32);(9, 18, 49, 64);(9, 18, 49, 64);0.020063392639160155
(64, 64, 64, 64, 32);(9, 18, 49, 64);(9, 18, 49, 64);0.008789152145385741
(64, 64, 64, 64, 32);(9, 18, 49, 64);(9, 18, 49, 64);0.00903001594543457
(64, 64, 64, 64, 32);(9, 18, 49, 64);(9, 18, 49, 64);0.011784735679626466
(64, 64, 64, 64, 32);(9, 18, 49, 64);(9, 18, 49, 64);0.019938655853271484
(64, 64, 64, 64, 32);(9, 18, 49, 64);(9, 18, 49, 64);0.008438624382019044
(64, 64, 64, 64, 32);(9, 18, 49, 64);(9, 18, 49, 64);0.008840255737304688
(64, 64, 64, 64, 32);(9, 18, 49, 64);(9, 18, 49, 64);0.008802271842956544
(64, 64, 64, 64, 32);(9, 18, 49, 64);(9, 18, 49, 64);0.011339039802551269
(64, 64, 64, 64, 32);(9, 18, 49, 64);(9, 18, 49, 64);0.011884575843811035
(64, 64, 64, 64, 32);(9, 18, 49, 64);(9, 18, 49, 64);0.011686304092407226
(64, 64, 64, 64, 32);(9, 18, 49, 64);(9, 18, 49, 64);0.011753408432006836
(64, 64, 64, 64, 32);(9, 18, 49, 64);(9, 18, 49, 64);0.00860102367401123
(64, 64, 64, 64, 32);(9, 18, 49, 64);(9, 18, 49, 64);0.008642016410827636
(64, 64, 64, 64, 32);(9, 18, 49, 64);(9, 18, 49, 64);0.008460543632507323
(64, 64, 64, 64, 32);(9, 18, 49, 64);(9, 18, 49, 64);0.01137612819671631
(64, 64, 64, 64, 32);(9, 18, 49, 64);(9, 18, 49, 64);0.008727328300476074
(64, 64, 64, 64, 32);(9, 18, 49, 64);(9, 18, 49, 64);0.010993184089660645
(64, 64, 64, 64, 32);(9, 18, 49, 64);(9, 18, 49, 64);0.008518560409545899
(64, 64, 64, 64, 32);(9, 18, 49, 64);(9, 18, 49, 64);0.01672876739501953
(64, 64, 64, 64, 32);(9, 18, 49, 64);(9, 18, 49, 64);0.01684160041809082
(64, 64, 64, 64, 32);(9, 18, 49, 64);(9, 18, 49, 64);0.011503616333007812
(64, 64, 64, 64, 32);(9, 18, 49, 64);(9, 18, 49, 64);0.017527584075927735
(64, 64, 64, 64, 32);(9, 18, 49, 64);(9, 18, 49, 64);0.011509440422058105
(64, 64, 64, 64, 32);(9, 18, 49, 64);(9, 18, 49, 64);0.008269856452941895
(64, 64, 64, 64, 32);(9, 18, 49, 64);(9, 18, 49, 64);0.008320896148681641
(64, 64, 64, 64, 32);(9, 18, 49, 64);(9, 18, 49, 64);0.008471872329711914
(64, 64, 64, 64, 32);(9, 18, 49, 64);(9, 18, 49, 64);0.008590687751770019
(64, 64, 64, 64, 32);(9, 18, 49, 64);(9, 18, 49, 64);0.014016480445861816
(64, 64, 64, 64, 64);(25, 8, 31, 10);(25, 8, 31, 10);0.016779775619506835
(64, 64, 64, 64, 64);(25, 8, 31, 10);(25, 8, 31, 10);0.009003552436828613
(64, 64, 64, 64, 64);(25, 8, 31, 10);(25, 8, 31, 10);0.022871936798095703
(64, 64, 64, 64, 64);(25, 8, 31, 10);(25, 8, 31, 10);0.017136800765991212
(64, 64, 64, 64, 64);(25, 8, 31, 10);(25, 8, 31, 10);0.016982976913452148
(64, 64, 64, 64, 64);(25, 8, 31, 10);(25, 8, 31, 10);0.008745216369628906
(64, 64, 64, 64, 64);(25, 8, 31, 10);(25, 8, 31, 10);0.017097152709960938
(64, 64, 64, 64, 64);(25, 8, 31, 10);(25, 8, 31, 10);0.014606176376342773
(64, 64, 64, 64, 64);(25, 8, 31, 10);(25, 8, 31, 10);0.014007712364196777
(64, 64, 64, 64, 64);(25, 8, 31, 10);(25, 8, 31, 10);0.011728672027587891
(64, 64, 64, 64, 64);(25, 8, 31, 10);(25, 8, 31, 10);0.014260512351989746
(64, 64, 64, 64, 64);(25, 8, 31, 10);(25, 8, 31, 10);0.008373151779174805
(64, 64, 64, 64, 64);(25, 8, 31, 10);(25, 8, 31, 10);0.027941696166992186
(64, 64, 64, 64, 64);(25, 8, 31, 10);(25, 8, 31, 10);0.04183427047729492
(64, 64, 64, 64, 64);(25, 8, 31, 10);(25, 8, 31, 10);0.019873695373535158
(64, 64, 64, 64, 64);(25, 8, 31, 10);(25, 8, 31, 10);0.016950143814086913
(64, 64, 64, 64, 64);(25, 8, 31, 10);(25, 8, 31, 10);0.008524255752563476
(64, 64, 64, 64, 64);(25, 8, 31, 10);(25, 8, 31, 10);0.014238431930541992
(64, 64, 64, 64, 64);(25, 8, 31, 10);(25, 8, 31, 10);0.008273311614990234
(64, 64, 64, 64, 64);(25, 8, 31, 10);(25, 8, 31, 10);0.008835295677185058
(64, 64, 64, 64, 64);(25, 8, 31, 10);(25, 8, 31, 10);0.022612640380859375
(64, 64, 64, 64, 64);(25, 8, 31, 10);(25, 8, 31, 10);0.014453215599060059
(64, 64, 64, 64, 64);(25, 8, 31, 10);(25, 8, 31, 10);0.031728832244873044
(64, 64, 64, 64, 64);(25, 8, 31, 10);(25, 8, 31, 10);0.011319968223571777
(64, 64, 64, 64, 64);(25, 8, 31, 10);(25, 8, 31, 10);0.011125503540039062
(64, 64, 64, 64, 64);(25, 8, 31, 10);(25, 8, 31, 10);0.008394911766052246
(64, 64, 64, 64, 64);(25, 8, 31, 10);(25, 8, 31, 10);0.014180383682250976
(64, 64, 64, 64, 64);(25, 8, 31, 10);(25, 8, 31, 10);0.019754112243652342
(64, 64, 64, 64, 64);(25, 8, 31, 10);(25, 8, 31, 10);0.03999350357055664
(64, 64, 64, 64, 64);(25, 8, 31, 10);(25, 8, 31, 10);0.05367305755615234
(64, 64, 64, 64, 128);(47, 13, 9, 49);(47, 13, 9, 49);0.024800991058349608
(64, 64, 64, 64, 128);(47, 13, 9, 49);(47, 13, 9, 49);0.01779360008239746
(64, 64, 64, 64, 128);(47, 13, 9, 49);(47, 13, 9, 49);0.014374496459960938
(64, 64, 64, 64, 128);(47, 13, 9, 49);(47, 13, 9, 49);0.04951855850219727
(64, 64, 64, 64, 128);(47, 13, 9, 49);(47, 13, 9, 49);0.010636351585388183
(64, 64, 64, 64, 128);(47, 13, 9, 49);(47, 13, 9, 49);0.010996064186096192
(64, 64, 64, 64, 128);(47, 13, 9, 49);(47, 13, 9, 49);0.018097055435180663
(64, 64, 64, 64, 128);(47, 13, 9, 49);(47, 13, 9, 49);0.021686527252197267
(64, 64, 64, 64, 128);(47, 13, 9, 49);(47, 13, 9, 49);0.025044191360473634
(64, 64, 64, 64, 128);(47, 13, 9, 49);(47, 13, 9, 49);0.011092543601989746
(64, 64, 64, 64, 128);(47, 13, 9, 49);(47, 13, 9, 49);0.024955007553100587
(64, 64, 64, 64, 128);(47, 13, 9, 49);(47, 13, 9, 49);0.014107680320739746
(64, 64, 64, 64, 128);(47, 13, 9, 49);(47, 13, 9, 49);0.04978841781616211
(64, 64, 64, 64, 128);(47, 13, 9, 49);(47, 13, 9, 49);0.024555904388427734
(64, 64, 64, 64, 128);(47, 13, 9, 49);(47, 13, 9, 49);0.010616127967834472
(64, 64, 64, 64, 128);(47, 13, 9, 49);(47, 13, 9, 49);0.01436348819732666
(64, 64, 64, 64, 128);(47, 13, 9, 49);(47, 13, 9, 49);0.013960415840148926
(64, 64, 64, 64, 128);(47, 13, 9, 49);(47, 13, 9, 49);0.017726720809936522
(64, 64, 64, 64, 128);(47, 13, 9, 49);(47, 13, 9, 49);0.02467228889465332
(64, 64, 64, 64, 128);(47, 13, 9, 49);(47, 13, 9, 49);0.017593696594238283
(64, 64, 64, 64, 128);(47, 13, 9, 49);(47, 13, 9, 49);0.017880064010620117
(64, 64, 64, 64, 128);(47, 13, 9, 49);(47, 13, 9, 49);0.03214611053466797
(64, 64, 64, 64, 128);(47, 13, 9, 49);(47, 13, 9, 49);0.02839593505859375
(64, 64, 64, 64, 128);(47, 13, 9, 49);(47, 13, 9, 49);0.01762816047668457
(64, 64, 64, 64, 128);(47, 13, 9, 49);(47, 13, 9, 49);0.0391596794128418
(64, 64, 64, 64, 128);(47, 13, 9, 49);(47, 13, 9, 49);0.025093503952026367
(64, 64, 64, 64, 128);(47, 13, 9, 49);(47, 13, 9, 49);0.02505779266357422
(64, 64, 64, 64, 128);(47, 13, 9, 49);(47, 13, 9, 49);0.04265536117553711
(64, 64, 64, 64, 128);(47, 13, 9, 49);(47, 13, 9, 49);0.06000953674316406
(64, 64, 64, 64, 128);(47, 13, 9, 49);(47, 13, 9, 49);0.021916704177856447
(64, 64, 64, 64, 256);(39, 23, 12, 56);(39, 23, 12, 56);0.08280467224121094
(64, 64, 64, 64, 256);(39, 23, 12, 56);(39, 23, 12, 56);0.05726796722412109
(64, 64, 64, 64, 256);(39, 23, 12, 56);(39, 23, 12, 56);0.10919075012207032
(64, 64, 64, 64, 256);(39, 23, 12, 56);(39, 23, 12, 56);0.021056480407714843
(64, 64, 64, 64, 256);(39, 23, 12, 56);(39, 23, 12, 56);0.11418495941162109
(64, 64, 64, 64, 256);(39, 23, 12, 56);(39, 23, 12, 56);0.015610207557678222
(64, 64, 64, 64, 256);(39, 23, 12, 56);(39, 23, 12, 56);0.021019968032836914
(64, 64, 64, 64, 256);(39, 23, 12, 56);(39, 23, 12, 56);0.036708385467529296
(64, 64, 64, 64, 256);(39, 23, 12, 56);(39, 23, 12, 56);0.031732351303100585
(64, 64, 64, 64, 256);(39, 23, 12, 56);(39, 23, 12, 56);0.02079248046875
(64, 64, 64, 64, 256);(39, 23, 12, 56);(39, 23, 12, 56);0.021171520233154297
(64, 64, 64, 64, 256);(39, 23, 12, 56);(39, 23, 12, 56);0.03709324645996094
(64, 64, 64, 64, 256);(39, 23, 12, 56);(39, 23, 12, 56);0.11914383697509766
(64, 64, 64, 64, 256);(39, 23, 12, 56);(39, 23, 12, 56);0.06180755233764648
(64, 64, 64, 64, 256);(39, 23, 12, 56);(39, 23, 12, 56);0.026398527145385743
(64, 64, 64, 64, 256);(39, 23, 12, 56);(39, 23, 12, 56);0.020611936569213868
(64, 64, 64, 64, 256);(39, 23, 12, 56);(39, 23, 12, 56);0.015410143852233887
(64, 64, 64, 64, 256);(39, 23, 12, 56);(39, 23, 12, 56);0.030956064224243164
(64, 64, 64, 64, 256);(39, 23, 12, 56);(39, 23, 12, 56);0.026160032272338866
(64, 64, 64, 64, 256);(39, 23, 12, 56);(39, 23, 12, 56);0.02581011199951172
(64, 64, 64, 64, 256);(39, 23, 12, 56);(39, 23, 12, 56);0.051656257629394534
(64, 64, 64, 64, 256);(39, 23, 12, 56);(39, 23, 12, 56);0.04152227020263672
(64, 64, 64, 64, 256);(39, 23, 12, 56);(39, 23, 12, 56);0.07743993377685547
(64, 64, 64, 64, 256);(39, 23, 12, 56);(39, 23, 12, 56);0.015789440155029297
(64, 64, 64, 64, 256);(39, 23, 12, 56);(39, 23, 12, 56);0.03136262321472168
(64, 64, 64, 64, 256);(39, 23, 12, 56);(39, 23, 12, 56);0.03090233612060547
(64, 64, 64, 64, 256);(39, 23, 12, 56);(39, 23, 12, 56);0.0775552978515625
(64, 64, 64, 64, 256);(39, 23, 12, 56);(39, 23, 12, 56);0.03126345634460449
(64, 64, 64, 64, 256);(39, 23, 12, 56);(39, 23, 12, 56);0.07725017547607421
(64, 64, 64, 64, 256);(39, 23, 12, 56);(39, 23, 12, 56);0.0415417594909668
(64, 64, 64, 64, 512);(14, 13, 50, 40);(14, 13, 50, 40);0.17677334594726563
(64, 64, 64, 64, 512);(14, 13, 50, 40);(14, 13, 50, 40);0.08000653076171875
(64, 64, 64, 64, 512);(14, 13, 50, 40);(14, 13, 50, 40);0.18601046752929687
(64, 64, 64, 64, 512);(14, 13, 50, 40);(14, 13, 50, 40);0.19474604797363282
(64, 64, 64, 64, 512);(14, 13, 50, 40);(14, 13, 50, 40);0.02682761573791504
(64, 64, 64, 64, 512);(14, 13, 50, 40);(14, 13, 50, 40);0.02659676742553711
(64, 64, 64, 64, 512);(14, 13, 50, 40);(14, 13, 50, 40);0.15007958984375
(64, 64, 64, 64, 512);(14, 13, 50, 40);(14, 13, 50, 40);0.11470700836181641
(64, 64, 64, 64, 512);(14, 13, 50, 40);(14, 13, 50, 40);0.062223072052001956
(64, 64, 64, 64, 512);(14, 13, 50, 40);(14, 13, 50, 40);0.16797830200195313
(64, 64, 64, 64, 512);(14, 13, 50, 40);(14, 13, 50, 40);0.2379204864501953
(64, 64, 64, 64, 512);(14, 13, 50, 40);(14, 13, 50, 40);0.06198646545410156
(64, 64, 64, 64, 512);(14, 13, 50, 40);(14, 13, 50, 40);0.026754367828369142
(64, 64, 64, 64, 512);(14, 13, 50, 40);(14, 13, 50, 40);0.088255615234375
(64, 64, 64, 64, 512);(14, 13, 50, 40);(14, 13, 50, 40);0.07947849273681641
(64, 64, 64, 64, 512);(14, 13, 50, 40);(14, 13, 50, 40);0.15832330322265625
(64, 64, 64, 64, 512);(14, 13, 50, 40);(14, 13, 50, 40);0.07042543792724609
(64, 64, 64, 64, 512);(14, 13, 50, 40);(14, 13, 50, 40);0.2560152587890625
(64, 64, 64, 64, 512);(14, 13, 50, 40);(14, 13, 50, 40);0.0791712646484375
(64, 64, 64, 64, 512);(14, 13, 50, 40);(14, 13, 50, 40);0.02672982406616211
(64, 64, 64, 64, 512);(14, 13, 50, 40);(14, 13, 50, 40);0.062342273712158204
(64, 64, 64, 64, 512);(14, 13, 50, 40);(14, 13, 50, 40);0.08906492614746093
(64, 64, 64, 64, 512);(14, 13, 50, 40);(14, 13, 50, 40);0.05315734481811524
(64, 64, 64, 64, 512);(14, 13, 50, 40);(14, 13, 50, 40);0.07991283416748046
(64, 64, 64, 64, 512);(14, 13, 50, 40);(14, 13, 50, 40);0.05297782516479492
(64, 64, 64, 64, 512);(14, 13, 50, 40);(14, 13, 50, 40);0.06158975982666016
(64, 64, 64, 64, 512);(14, 13, 50, 40);(14, 13, 50, 40);0.02675529670715332
(64, 64, 64, 64, 512);(14, 13, 50, 40);(14, 13, 50, 40);0.22868601989746093
(64, 64, 64, 64, 512);(14, 13, 50, 40);(14, 13, 50, 40);0.14114524841308593
(64, 64, 64, 64, 512);(14, 13, 50, 40);(14, 13, 50, 40);0.123259521484375
(64, 64, 64, 64, 1024);(27, 48, 50, 54);(27, 48, 50, 54);0.3758046569824219
(64, 64, 64, 64, 1024);(27, 48, 50, 54);(27, 48, 50, 54);0.38269732666015627
(64, 64, 64, 64, 1024);(27, 48, 50, 54);(27, 47, 50, 49);0.8204205932617188
(64, 64, 64, 64, 1024);(27, 48, 50, 54);(27, 48, 50, 54);0.7733873901367188
(64, 64, 64, 64, 1024);(27, 48, 50, 54);(27, 48, 50, 54);0.6077418212890625
(64, 64, 64, 64, 1024);(27, 48, 50, 54);(27, 48, 50, 54);0.9901673583984375
(64, 64, 64, 64, 1024);(27, 48, 50, 54);(27, 48, 50, 54);0.7365875244140625
(64, 64, 64, 64, 1024);(27, 48, 50, 54);(27, 48, 50, 54);0.46162057495117187
(64, 64, 64, 64, 1024);(27, 48, 50, 54);(27, 43, 50, 54);0.835746826171875
(64, 64, 64, 64, 1024);(27, 48, 50, 54);(27, 48, 50, 54);0.6401668090820313
(64, 64, 64, 64, 1024);(27, 48, 50, 54);(27, 9, 21, 54);1.0671744384765625
(64, 64, 64, 64, 1024);(27, 48, 50, 54);(27, 43, 50, 54);0.45921853637695315
(64, 64, 64, 64, 1024);(27, 48, 50, 54);(41, 48, 50, 54);0.40900140380859373
(64, 64, 64, 64, 1024);(27, 48, 50, 54);(27, 48, 50, 54);0.5417171630859375
(64, 64, 64, 64, 1024);(27, 48, 50, 54);(27, 48, 50, 54);0.490968505859375
(64, 64, 64, 64, 1024);(27, 48, 50, 54);(27, 48, 50, 54);0.88413818359375
(64, 64, 64, 64, 1024);(27, 48, 50, 54);(27, 39, 43, 52);0.58785302734375
(64, 64, 64, 64, 1024);(27, 48, 50, 54);(27, 48, 50, 52);0.864929443359375
(64, 64, 64, 64, 1024);(27, 48, 50, 54);(27, 48, 43, 54);0.3786571960449219
(64, 64, 64, 64, 1024);(27, 48, 50, 54);(27, 48, 50, 54);0.4938279418945313
(64, 64, 64, 64, 1024);(27, 48, 50, 54);(27, 48, 50, 54);0.5094978942871093
(64, 64, 64, 64, 1024);(27, 48, 50, 54);(27, 48, 50, 54);0.740320068359375
(64, 64, 64, 64, 1024);(27, 48, 50, 54);(27, 48, 40, 54);0.7246279296875
(64, 64, 64, 64, 1024);(27, 48, 50, 54);(27, 48, 50, 54);0.6238722534179687
(64, 64, 64, 64, 1024);(27, 48, 50, 54);(27, 48, 50, 54);0.39701797485351564
(64, 64, 64, 64, 1024);(27, 48, 50, 54);(27, 48, 50, 54);0.4612481689453125
(64, 64, 64, 64, 1024);(27, 48, 50, 54);(27, 48, 50, 40);0.4828394470214844
(64, 64, 64, 64, 1024);(27, 48, 50, 54);(27, 48, 50, 51);0.7565060424804687
(64, 64, 64, 64, 1024);(27, 48, 50, 54);(27, 48, 50, 54);0.4297550354003906
(64, 64, 64, 64, 1024);(27, 48, 50, 54);(27, 48, 50, 54);0.888987060546875
