Shape;True Tucker Rank;Calculated Rank;Time
(64, 64, 2);(41, 22);(22, 22);0.0046377921104431155
(64, 64, 2);(41, 22);(22, 22);0.004326752185821533
(64, 64, 2);(41, 22);(22, 22);0.00463212776184082
(64, 64, 2);(41, 22);(22, 22);0.004132127761840821
(64, 64, 2);(41, 22);(22, 22);0.004572864055633545
(64, 64, 2);(41, 22);(22, 22);0.004515359878540039
(64, 64, 2);(41, 22);(22, 22);0.004208000183105469
(64, 64, 2);(41, 22);(22, 22);0.004098080158233643
(64, 64, 2);(41, 22);(22, 22);0.004933279991149902
(64, 64, 2);(41, 22);(22, 22);0.00412556791305542
(64, 64, 2);(41, 22);(22, 22);0.00422163200378418
(64, 64, 2);(41, 22);(22, 22);0.0048306241035461425
(64, 64, 2);(41, 22);(22, 22);0.004198592185974121
(64, 64, 2);(41, 22);(22, 22);0.004223423957824707
(64, 64, 2);(41, 22);(22, 22);0.004420896053314209
(64, 64, 2);(41, 22);(22, 22);0.00453657579421997
(64, 64, 2);(41, 22);(22, 22);0.004136864185333252
(64, 64, 2);(41, 22);(22, 22);0.004522016048431396
(64, 64, 2);(41, 22);(22, 22);0.004098015785217285
(64, 64, 2);(41, 22);(22, 22);0.004586207866668701
(64, 64, 2);(41, 22);(22, 22);0.004437632083892822
(64, 64, 2);(41, 22);(22, 22);0.004233695983886719
(64, 64, 2);(41, 22);(22, 22);0.004115359783172607
(64, 64, 2);(41, 22);(22, 22);0.004695648193359375
(64, 64, 2);(41, 22);(22, 22);0.00411030387878418
(64, 64, 2);(41, 22);(22, 22);0.004206336021423339
(64, 64, 2);(41, 22);(22, 22);0.004482272148132324
(64, 64, 2);(41, 22);(22, 22);0.004571263790130615
(64, 64, 2);(41, 22);(22, 22);0.004185184001922608
(64, 64, 2);(41, 22);(22, 22);0.004415103912353516
(64, 64, 4);(21, 24);(21, 21);0.004670144081115723
(64, 64, 4);(21, 24);(21, 21);0.004163904190063477
(64, 64, 4);(21, 24);(21, 21);0.004553311824798584
(64, 64, 4);(21, 24);(21, 21);0.004114496231079102
(64, 64, 4);(21, 24);(21, 21);0.004593023777008057
(64, 64, 4);(21, 24);(21, 21);0.004443903923034668
(64, 64, 4);(21, 24);(21, 21);0.004218175888061524
(64, 64, 4);(21, 24);(21, 21);0.004123392105102539
(64, 64, 4);(21, 24);(21, 21);0.004755296230316162
(64, 64, 4);(21, 24);(21, 21);0.004246655941009521
(64, 64, 4);(21, 24);(21, 21);0.004116320133209229
(64, 64, 4);(21, 24);(21, 21);0.00486300802230835
(64, 64, 4);(21, 24);(21, 21);0.00412716817855835
(64, 64, 4);(21, 24);(21, 21);0.004233215808868408
(64, 64, 4);(21, 24);(21, 21);0.004459584236145019
(64, 64, 4);(21, 24);(21, 21);0.004550271987915039
(64, 64, 4);(21, 24);(21, 21);0.004158175945281982
(64, 64, 4);(21, 24);(21, 21);0.004639071941375732
(64, 64, 4);(21, 24);(21, 21);0.004161151885986328
(64, 64, 4);(21, 24);(21, 21);0.004625184059143066
(64, 64, 4);(21, 24);(21, 21);0.004460288047790527
(64, 64, 4);(21, 24);(21, 21);0.004332159996032715
(64, 64, 4);(21, 24);(21, 21);0.004194176197052002
(64, 64, 4);(21, 24);(21, 21);0.005002431869506836
(64, 64, 4);(21, 24);(21, 21);0.0043426241874694824
(64, 64, 4);(21, 24);(21, 21);0.0041751680374145506
(64, 64, 4);(21, 24);(21, 21);0.0049236478805542
(64, 64, 4);(21, 24);(21, 21);0.004171648025512695
(64, 64, 4);(21, 24);(21, 21);0.004254271984100342
(64, 64, 4);(21, 24);(21, 21);0.004464159965515137
(64, 64, 8);(41, 56);(41, 41);0.004392352104187012
(64, 64, 8);(41, 56);(41, 41);0.003942912101745606
(64, 64, 8);(41, 56);(41, 41);0.00431935977935791
(64, 64, 8);(41, 56);(41, 41);0.003893376111984253
(64, 64, 8);(41, 56);(41, 41);0.0046063361167907714
(64, 64, 8);(41, 56);(41, 41);0.004313536167144775
(64, 64, 8);(41, 56);(41, 41);0.003990240097045898
(64, 64, 8);(41, 56);(41, 41);0.0038986239433288572
(64, 64, 8);(41, 56);(41, 41);0.004726272106170654
(64, 64, 8);(41, 56);(41, 41);0.003997375965118408
(64, 64, 8);(41, 56);(41, 41);0.003884160041809082
(64, 64, 8);(41, 56);(41, 41);0.0046145601272583004
(64, 64, 8);(41, 56);(41, 41);0.004009952068328857
(64, 64, 8);(41, 56);(41, 41);0.003974208116531372
(64, 64, 8);(41, 56);(41, 41);0.004201119899749756
(64, 64, 8);(41, 56);(41, 41);0.004290048122406006
(64, 64, 8);(41, 56);(41, 41);0.004013599872589112
(64, 64, 8);(41, 56);(41, 41);0.004321375846862793
(64, 64, 8);(41, 56);(41, 41);0.004116479873657227
(64, 64, 8);(41, 56);(41, 41);0.0044135041236877445
(64, 64, 8);(41, 56);(41, 41);0.004308063983917237
(64, 64, 8);(41, 56);(41, 41);0.0039985599517822264
(64, 64, 8);(41, 56);(41, 41);0.0038773760795593262
(64, 64, 8);(41, 56);(41, 41);0.004355231761932373
(64, 64, 8);(41, 56);(41, 41);0.004326784133911133
(64, 64, 8);(41, 56);(41, 41);0.003975487947463989
(64, 64, 8);(41, 56);(41, 41);0.003869312047958374
(64, 64, 8);(41, 56);(41, 41);0.004654463768005371
(64, 64, 8);(41, 56);(41, 41);0.0038652479648590087
(64, 64, 8);(41, 56);(41, 41);0.003978591918945312
(64, 64, 16);(17, 39);(17, 17);0.0046592321395874025
(64, 64, 16);(17, 39);(17, 17);0.004760096073150635
(64, 64, 16);(17, 39);(17, 17);0.004238719940185547
(64, 64, 16);(17, 39);(17, 17);0.004638783931732178
(64, 64, 16);(17, 39);(17, 17);0.004217088222503662
(64, 64, 16);(17, 39);(17, 17);0.0046449599266052246
(64, 64, 16);(17, 39);(17, 17);0.0046590399742126466
(64, 64, 16);(17, 39);(17, 17);0.0042128958702087405
(64, 64, 16);(17, 39);(17, 17);0.004641215801239013
(64, 64, 16);(17, 39);(17, 17);0.0045454721450805665
(64, 64, 16);(17, 39);(17, 17);0.004323840141296387
(64, 64, 16);(17, 39);(17, 17);0.00421727991104126
(64, 64, 16);(17, 39);(17, 17);0.004991424083709717
(64, 64, 16);(17, 39);(17, 17);0.00422547197341919
(64, 64, 16);(17, 39);(17, 17);0.004322815895080567
(64, 64, 16);(17, 39);(17, 17);0.004554656028747559
(64, 64, 16);(17, 39);(17, 17);0.004692543983459472
(64, 64, 16);(17, 39);(17, 17);0.004679391860961914
(64, 64, 16);(17, 39);(17, 17);0.004333024024963379
(64, 64, 16);(17, 39);(17, 17);0.004765024185180664
(64, 64, 16);(17, 39);(17, 17);0.004562560081481933
(64, 64, 16);(17, 39);(17, 17);0.004358176231384277
(64, 64, 16);(17, 39);(17, 17);0.004217823982238769
(64, 64, 16);(17, 39);(17, 17);0.005074751853942871
(64, 64, 16);(17, 39);(17, 17);0.00425651216506958
(64, 64, 16);(17, 39);(17, 17);0.0043348479270935054
(64, 64, 16);(17, 39);(17, 17);0.004906847953796387
(64, 64, 16);(17, 39);(17, 17);0.004301887989044189
(64, 64, 16);(17, 39);(17, 17);0.004320960044860839
(64, 64, 16);(17, 39);(17, 17);0.004557983875274658
(64, 64, 32);(22, 36);(22, 22);0.004850080013275146
(64, 64, 32);(22, 36);(22, 22);0.00437663984298706
(64, 64, 32);(22, 36);(22, 22);0.004798272132873535
(64, 64, 32);(22, 36);(22, 22);0.004772448062896729
(64, 64, 32);(22, 36);(22, 22);0.004445727825164795
(64, 64, 32);(22, 36);(22, 22);0.004734399795532226
(64, 64, 32);(22, 36);(22, 22);0.004312191963195801
(64, 64, 32);(22, 36);(22, 22);0.0047214398384094235
(64, 64, 32);(22, 36);(22, 22);0.004643775939941406
(64, 64, 32);(22, 36);(22, 22);0.00441270399093628
(64, 64, 32);(22, 36);(22, 22);0.0043019518852233886
(64, 64, 32);(22, 36);(22, 22);0.005105663776397705
(64, 64, 32);(22, 36);(22, 22);0.004422016143798828
(64, 64, 32);(22, 36);(22, 22);0.004621024131774902
(64, 64, 32);(22, 36);(22, 22);0.00478278398513794
(64, 64, 32);(22, 36);(22, 22);0.0043242559432983396
(64, 64, 32);(22, 36);(22, 22);0.00473203182220459
(64, 64, 32);(22, 36);(22, 22);0.004324319839477539
(64, 64, 32);(22, 36);(22, 22);0.00479145622253418
(64, 64, 32);(22, 36);(22, 22);0.0046267518997192385
(64, 64, 32);(22, 36);(22, 22);0.004458240032196045
(64, 64, 32);(22, 36);(22, 22);0.004739424228668213
(64, 64, 32);(22, 36);(22, 22);0.004657375812530518
(64, 64, 32);(22, 36);(22, 22);0.004422848224639893
(64, 64, 32);(22, 36);(22, 22);0.004320159912109375
(64, 64, 32);(22, 36);(22, 22);0.005135200023651123
(64, 64, 32);(22, 36);(22, 22);0.0043450560569763185
(64, 64, 32);(22, 36);(22, 22);0.004441440105438232
(64, 64, 32);(22, 36);(22, 22);0.004642943859100342
(64, 64, 32);(22, 36);(22, 22);0.004777152061462403
(64, 64, 64);(35, 26);(26, 26);0.004012320041656494
(64, 64, 64);(35, 26);(26, 26);0.004213024139404297
(64, 64, 64);(35, 26);(26, 26);0.004357471942901612
(64, 64, 64);(35, 26);(26, 26);0.003925888061523437
(64, 64, 64);(35, 26);(26, 26);0.004318240165710449
(64, 64, 64);(35, 26);(26, 26);0.003871328115463257
(64, 64, 64);(35, 26);(26, 26);0.004341279983520508
(64, 64, 64);(35, 26);(26, 26);0.004188255786895752
(64, 64, 64);(35, 26);(26, 26);0.003976032018661499
(64, 64, 64);(35, 26);(26, 26);0.003854464054107666
(64, 64, 64);(35, 26);(26, 26);0.0043647680282592775
(64, 64, 64);(35, 26);(26, 26);0.0038594560623168945
(64, 64, 64);(35, 26);(26, 26);0.003985311985015869
(64, 64, 64);(35, 26);(26, 26);0.003859391927719116
(64, 64, 64);(35, 26);(26, 26);0.0047487678527832035
(64, 64, 64);(35, 26);(26, 26);0.00389356803894043
(64, 64, 64);(35, 26);(26, 26);0.00400105619430542
(64, 64, 64);(35, 26);(26, 26);0.00422873592376709
(64, 64, 64);(35, 26);(26, 26);0.004405983924865723
(64, 64, 64);(35, 26);(26, 26);0.003871680021286011
(64, 64, 64);(35, 26);(26, 26);0.004313951969146729
(64, 64, 64);(35, 26);(26, 26);0.0038701438903808593
(64, 64, 64);(35, 26);(26, 26);0.004406847953796387
(64, 64, 64);(35, 26);(26, 26);0.004184639930725097
(64, 64, 64);(35, 26);(26, 26);0.003970240116119385
(64, 64, 64);(35, 26);(26, 26);0.0038670079708099363
(64, 64, 64);(35, 26);(26, 26);0.004514463901519775
(64, 64, 64);(35, 26);(26, 26);0.0038770558834075926
(64, 64, 64);(35, 26);(26, 26);0.004001279830932617
(64, 64, 64);(35, 26);(26, 26);0.003963583946228027
(64, 64, 128);(45, 35);(35, 35);0.004650176048278809
(64, 64, 128);(45, 35);(35, 35);0.004081759929656982
(64, 64, 128);(45, 35);(35, 35);0.004494207859039307
(64, 64, 128);(45, 35);(35, 35);0.004055295944213867
(64, 64, 128);(45, 35);(35, 35);0.004512191772460938
(64, 64, 128);(45, 35);(35, 35);0.004416319847106933
(64, 64, 128);(45, 35);(35, 35);0.0041559357643127445
(64, 64, 128);(45, 35);(35, 35);0.004047008037567139
(64, 64, 128);(45, 35);(35, 35);0.004524223804473877
(64, 64, 128);(45, 35);(35, 35);0.0044306240081787105
(64, 64, 128);(45, 35);(35, 35);0.00407366418838501
(64, 64, 128);(45, 35);(35, 35);0.0044501757621765135
(64, 64, 128);(45, 35);(35, 35);0.004466559886932373
(64, 64, 128);(45, 35);(35, 35);0.004145631790161133
(64, 64, 128);(45, 35);(35, 35);0.004040736198425293
(64, 64, 128);(45, 35);(35, 35);0.004817791938781738
(64, 64, 128);(45, 35);(35, 35);0.0040460162162780765
(64, 64, 128);(45, 35);(35, 35);0.004164927959442138
(64, 64, 128);(45, 35);(35, 35);0.0043563199043273925
(64, 64, 128);(45, 35);(35, 35);0.004522367954254151
(64, 64, 128);(45, 35);(35, 35);0.004037856101989746
(64, 64, 128);(45, 35);(35, 35);0.0044724798202514645
(64, 64, 128);(45, 35);(35, 35);0.0040722241401672365
(64, 64, 128);(45, 35);(35, 35);0.004602655887603759
(64, 64, 128);(45, 35);(35, 35);0.004406112194061279
(64, 64, 128);(45, 35);(35, 35);0.004149280071258545
(64, 64, 128);(45, 35);(35, 35);0.004050879955291748
(64, 64, 128);(45, 35);(35, 35);0.0048390722274780276
(64, 64, 128);(45, 35);(35, 35);0.004043968200683594
(64, 64, 128);(45, 35);(35, 35);0.00415337610244751
(64, 64, 256);(62, 32);(32, 32);0.003646336078643799
(64, 64, 256);(62, 32);(32, 32);0.0036823680400848388
(64, 64, 256);(62, 32);(32, 32);0.0032894721031188966
(64, 64, 256);(62, 32);(32, 32);0.0033850879669189453
(64, 64, 256);(62, 32);(32, 32);0.003563647985458374
(64, 64, 256);(62, 32);(32, 32);0.003709088087081909
(64, 64, 256);(62, 32);(32, 32);0.0032536959648132324
(64, 64, 256);(62, 32);(32, 32);0.0032499520778656006
(64, 64, 256);(62, 32);(32, 32);0.003695807933807373
(64, 64, 256);(62, 32);(32, 32);0.0032500801086425782
(64, 64, 256);(62, 32);(32, 32);0.0037407360076904296
(64, 64, 256);(62, 32);(32, 32);0.003619040012359619
(64, 64, 256);(62, 32);(32, 32);0.0033594560623168945
(64, 64, 256);(62, 32);(32, 32);0.003254080057144165
(64, 64, 256);(62, 32);(32, 32);0.003253151893615723
(64, 64, 256);(62, 32);(32, 32);0.004039616107940674
(64, 64, 256);(62, 32);(32, 32);0.0032968959808349608
(64, 64, 256);(62, 32);(32, 32);0.003383872032165527
(64, 64, 256);(62, 32);(32, 32);0.0032802560329437255
(64, 64, 256);(62, 32);(32, 32);0.004036352157592773
(64, 64, 256);(62, 32);(32, 32);0.0033484160900115966
(64, 64, 256);(62, 32);(32, 32);0.0032874879837036133
(64, 64, 256);(62, 32);(32, 32);0.003434240102767944
(64, 64, 256);(62, 32);(32, 32);0.0036282880306243897
(64, 64, 256);(62, 32);(32, 32);0.0037350080013275147
(64, 64, 256);(62, 32);(32, 32);0.0032731199264526365
(64, 64, 256);(62, 32);(32, 32);0.003271519899368286
(64, 64, 256);(62, 32);(32, 32);0.003721343994140625
(64, 64, 256);(62, 32);(32, 32);0.0032542400360107424
(64, 64, 256);(62, 32);(32, 32);0.0037562880516052244
(64, 64, 512);(56, 15);(15, 15);0.0037179839611053466
(64, 64, 512);(56, 15);(15, 15);0.0034473280906677246
(64, 64, 512);(56, 15);(15, 15);0.00333353590965271
(64, 64, 512);(56, 15);(15, 15);0.0037802560329437255
(64, 64, 512);(56, 15);(15, 15);0.0036326398849487306
(64, 64, 512);(56, 15);(15, 15);0.003418015956878662
(64, 64, 512);(56, 15);(15, 15);0.0033149759769439697
(64, 64, 512);(56, 15);(15, 15);0.003309823989868164
(64, 64, 512);(56, 15);(15, 15);0.004149727821350098
(64, 64, 512);(56, 15);(15, 15);0.0033241920471191407
(64, 64, 512);(56, 15);(15, 15);0.003412735939025879
(64, 64, 512);(56, 15);(15, 15);0.003616352081298828
(64, 64, 512);(56, 15);(15, 15);0.0035918400287628174
(64, 64, 512);(56, 15);(15, 15);0.003472800016403198
(64, 64, 512);(56, 15);(15, 15);0.0033116159439086916
(64, 64, 512);(56, 15);(15, 15);0.0037889280319213865
(64, 64, 512);(56, 15);(15, 15);0.003327967882156372
(64, 64, 512);(56, 15);(15, 15);0.003730528116226196
(64, 64, 512);(56, 15);(15, 15);0.0033285439014434813
(64, 64, 512);(56, 15);(15, 15);0.003740447998046875
(64, 64, 512);(56, 15);(15, 15);0.003316351890563965
(64, 64, 512);(56, 15);(15, 15);0.003315808057785034
(64, 64, 512);(56, 15);(15, 15);0.004102303981781006
(64, 64, 512);(56, 15);(15, 15);0.0033164799213409426
(64, 64, 512);(56, 15);(15, 15);0.00341593599319458
(64, 64, 512);(56, 15);(15, 15);0.0033146560192108153
(64, 64, 512);(56, 15);(15, 15);0.0039749441146850585
(64, 64, 512);(56, 15);(15, 15);0.003427072048187256
(64, 64, 512);(56, 15);(15, 15);0.0033179519176483154
(64, 64, 512);(56, 15);(15, 15);0.0034112319946289064
(64, 64, 1024);(17, 26);(17, 17);0.004416351795196533
(64, 64, 1024);(17, 26);(17, 17);0.004472256183624268
(64, 64, 1024);(17, 26);(17, 17);0.004043295860290528
(64, 64, 1024);(17, 26);(17, 17);0.0044466562271118166
(64, 64, 1024);(17, 26);(17, 17);0.004023839950561523
(64, 64, 1024);(17, 26);(17, 17);0.004425568103790283
(64, 64, 1024);(17, 26);(17, 17);0.004439263820648193
(64, 64, 1024);(17, 26);(17, 17);0.004026048183441162
(64, 64, 1024);(17, 26);(17, 17);0.0043812160491943355
(64, 64, 1024);(17, 26);(17, 17);0.0044856958389282225
(64, 64, 1024);(17, 26);(17, 17);0.004156703948974609
(64, 64, 1024);(17, 26);(17, 17);0.004033376216888427
(64, 64, 1024);(17, 26);(17, 17);0.004752639770507812
(64, 64, 1024);(17, 26);(17, 17);0.004041567802429199
(64, 64, 1024);(17, 26);(17, 17);0.004111616134643554
(64, 64, 1024);(17, 26);(17, 17);0.004336063861846924
(64, 64, 1024);(17, 26);(17, 17);0.004438975811004639
(64, 64, 1024);(17, 26);(17, 17);0.004024928092956543
(64, 64, 1024);(17, 26);(17, 17);0.004447167873382569
(64, 64, 1024);(17, 26);(17, 17);0.004030784130096435
(64, 64, 1024);(17, 26);(17, 17);0.004527616024017334
(64, 64, 1024);(17, 26);(17, 17);0.004431903839111328
(64, 64, 1024);(17, 26);(17, 17);0.004160287857055664
(64, 64, 1024);(17, 26);(17, 17);0.004067391872406006
(64, 64, 1024);(17, 26);(17, 17);0.004829504013061523
(64, 64, 1024);(17, 26);(17, 17);0.004118336200714111
(64, 64, 1024);(17, 26);(17, 17);0.004143328189849854
(64, 64, 1024);(17, 26);(17, 17);0.004048096179962158
(64, 64, 1024);(17, 26);(17, 17);0.00473305606842041
(64, 64, 1024);(17, 26);(17, 17);0.004038784027099609
(64, 64, 64, 2);(28, 37, 35);(28, 37, 35);0.005700928211212158
(64, 64, 64, 2);(28, 37, 35);(28, 37, 35);0.00567955207824707
(64, 64, 64, 2);(28, 37, 35);(28, 37, 35);0.005293568134307861
(64, 64, 64, 2);(28, 37, 35);(28, 37, 35);0.005558623790740967
(64, 64, 64, 2);(28, 37, 35);(28, 37, 35);0.005681344032287598
(64, 64, 64, 2);(28, 37, 35);(28, 37, 35);0.0056325759887695314
(64, 64, 64, 2);(28, 37, 35);(28, 37, 35);0.005194784164428711
(64, 64, 64, 2);(28, 37, 35);(28, 37, 35);0.006019392013549805
(64, 64, 64, 2);(28, 37, 35);(28, 37, 35);0.005295263767242432
(64, 64, 64, 2);(28, 37, 35);(28, 37, 35);0.005177504062652588
(64, 64, 64, 2);(28, 37, 35);(28, 37, 35);0.005735424041748047
(64, 64, 64, 2);(28, 37, 35);(28, 37, 35);0.005286367893218994
(64, 64, 64, 2);(28, 37, 35);(28, 37, 35);0.0055641279220581055
(64, 64, 64, 2);(28, 37, 35);(28, 37, 35);0.0056368961334228515
(64, 64, 64, 2);(28, 37, 35);(28, 37, 35);0.005300000190734864
(64, 64, 64, 2);(28, 37, 35);(28, 37, 35);0.005501376152038574
(64, 64, 64, 2);(28, 37, 35);(28, 37, 35);0.005658112049102783
(64, 64, 64, 2);(28, 37, 35);(28, 37, 35);0.005606656074523926
(64, 64, 64, 2);(28, 37, 35);(28, 37, 35);0.005170303821563721
(64, 64, 64, 2);(28, 37, 35);(28, 37, 35);0.0060169601440429685
(64, 64, 64, 2);(28, 37, 35);(28, 37, 35);0.005314208030700683
(64, 64, 64, 2);(28, 37, 35);(28, 37, 35);0.005249120235443115
(64, 64, 64, 2);(28, 37, 35);(28, 37, 35);0.005891136169433594
(64, 64, 64, 2);(28, 37, 35);(28, 37, 35);0.005299424171447754
(64, 64, 64, 2);(28, 37, 35);(28, 37, 35);0.0055576000213623045
(64, 64, 64, 2);(28, 37, 35);(28, 37, 35);0.005667232036590576
(64, 64, 64, 2);(28, 37, 35);(28, 37, 35);0.005323455810546875
(64, 64, 64, 2);(28, 37, 35);(28, 37, 35);0.0056341118812561035
(64, 64, 64, 2);(28, 37, 35);(28, 37, 35);0.005652671813964844
(64, 64, 64, 2);(28, 37, 35);(28, 37, 35);0.005585696220397949
(64, 64, 64, 4);(24, 1, 19);(19, 1, 19);0.004720384120941162
(64, 64, 64, 4);(24, 1, 19);(19, 1, 19);0.005492256164550781
(64, 64, 64, 4);(24, 1, 19);(19, 1, 19);0.004843776226043701
(64, 64, 64, 4);(24, 1, 19);(19, 1, 19);0.00467574405670166
(64, 64, 64, 4);(24, 1, 19);(19, 1, 19);0.005395584106445313
(64, 64, 64, 4);(24, 1, 19);(19, 1, 19);0.004657824039459229
(64, 64, 64, 4);(24, 1, 19);(19, 1, 19);0.00496665620803833
(64, 64, 64, 4);(24, 1, 19);(19, 1, 19);0.0055821118354797365
(64, 64, 64, 4);(24, 1, 19);(19, 1, 19);0.004694015979766846
(64, 64, 64, 4);(24, 1, 19);(19, 1, 19);0.005116352081298828
(64, 64, 64, 4);(24, 1, 19);(19, 1, 19);0.00499891185760498
(64, 64, 64, 4);(24, 1, 19);(19, 1, 19);0.004826079845428466
(64, 64, 64, 4);(24, 1, 19);(19, 1, 19);0.005146111965179443
(64, 64, 64, 4);(24, 1, 19);(19, 1, 19);0.004671008110046387
(64, 64, 64, 4);(24, 1, 19);(19, 1, 19);0.0052130880355834965
(64, 64, 64, 4);(24, 1, 19);(19, 1, 19);0.005153247833251953
(64, 64, 64, 4);(24, 1, 19);(19, 1, 19);0.004667808055877685
(64, 64, 64, 4);(24, 1, 19);(19, 1, 19);0.005544223785400391
(64, 64, 64, 4);(24, 1, 19);(19, 1, 19);0.004678143978118897
(64, 64, 64, 4);(24, 1, 19);(19, 1, 19);0.0047760319709777834
(64, 64, 64, 4);(24, 1, 19);(19, 1, 19);0.0055643200874328615
(64, 64, 64, 4);(24, 1, 19);(19, 1, 19);0.004690176010131836
(64, 64, 64, 4);(24, 1, 19);(19, 1, 19);0.004814080238342285
(64, 64, 64, 4);(24, 1, 19);(19, 1, 19);0.00501910400390625
(64, 64, 64, 4);(24, 1, 19);(19, 1, 19);0.005132991790771485
(64, 64, 64, 4);(24, 1, 19);(19, 1, 19);0.005065631866455078
(64, 64, 64, 4);(24, 1, 19);(19, 1, 19);0.0046575040817260745
(64, 64, 64, 4);(24, 1, 19);(19, 1, 19);0.005166687965393066
(64, 64, 64, 4);(24, 1, 19);(19, 1, 19);0.005007359981536865
(64, 64, 64, 4);(24, 1, 19);(19, 1, 19);0.004780032157897949
(64, 64, 64, 8);(63, 58, 18);(63, 58, 18);0.0053975038528442385
(64, 64, 64, 8);(63, 58, 18);(63, 58, 18);0.004561471939086914
(64, 64, 64, 8);(63, 58, 18);(63, 58, 18);0.00463759994506836
(64, 64, 64, 8);(63, 58, 18);(63, 58, 18);0.005384799957275391
(64, 64, 64, 8);(63, 58, 18);(63, 58, 18);0.004549024105072022
(64, 64, 64, 8);(63, 58, 18);(63, 58, 18);0.004640480041503906
(64, 64, 64, 8);(63, 58, 18);(63, 58, 18);0.004858143806457519
(64, 64, 64, 8);(63, 58, 18);(63, 58, 18);0.0050003199577331545
(64, 64, 64, 8);(63, 58, 18);(63, 58, 18);0.004539135932922363
(64, 64, 64, 8);(63, 58, 18);(63, 58, 18);0.0049294400215148925
(64, 64, 64, 8);(63, 58, 18);(63, 58, 18);0.005182591915130616
(64, 64, 64, 8);(63, 58, 18);(63, 58, 18);0.004886911869049072
(64, 64, 64, 8);(63, 58, 18);(63, 58, 18);0.004623519897460938
(64, 64, 64, 8);(63, 58, 18);(63, 58, 18);0.004519167900085449
(64, 64, 64, 8);(63, 58, 18);(63, 58, 18);0.005244607925415039
(64, 64, 64, 8);(63, 58, 18);(63, 58, 18);0.004599584102630615
(64, 64, 64, 8);(63, 58, 18);(63, 58, 18);0.00450764799118042
(64, 64, 64, 8);(63, 58, 18);(63, 58, 18);0.005268928050994873
(64, 64, 64, 8);(63, 58, 18);(63, 58, 18);0.004525311946868896
(64, 64, 64, 8);(63, 58, 18);(63, 58, 18);0.004646304130554199
(64, 64, 64, 8);(63, 58, 18);(63, 58, 18);0.005233312129974365
(64, 64, 64, 8);(63, 58, 18);(63, 58, 18);0.004621376037597656
(64, 64, 64, 8);(63, 58, 18);(63, 58, 18);0.004914144039154053
(64, 64, 64, 8);(63, 58, 18);(63, 58, 18);0.0045016961097717285
(64, 64, 64, 8);(63, 58, 18);(63, 58, 18);0.005010591983795166
(64, 64, 64, 8);(63, 58, 18);(63, 58, 18);0.004823647975921631
(64, 64, 64, 8);(63, 58, 18);(63, 58, 18);0.004628543853759766
(64, 64, 64, 8);(63, 58, 18);(63, 58, 18);0.0049480957984924315
(64, 64, 64, 8);(63, 58, 18);(63, 58, 18);0.004832032203674316
(64, 64, 64, 8);(63, 58, 18);(63, 58, 18);0.004624576091766358
(64, 64, 64, 16);(38, 13, 32);(38, 13, 32);0.006259615898132324
(64, 64, 64, 16);(38, 13, 32);(38, 13, 32);0.005477215766906738
(64, 64, 64, 16);(38, 13, 32);(38, 13, 32);0.00558131217956543
(64, 64, 64, 16);(38, 13, 32);(38, 13, 32);0.006181119918823242
(64, 64, 64, 16);(38, 13, 32);(38, 13, 32);0.005436768054962158
(64, 64, 64, 16);(38, 13, 32);(38, 13, 32);0.005857984066009522
(64, 64, 64, 16);(38, 13, 32);(38, 13, 32);0.0059155521392822265
(64, 64, 64, 16);(38, 13, 32);(38, 13, 32);0.005758336067199707
(64, 64, 64, 16);(38, 13, 32);(38, 13, 32);0.005588128089904785
(64, 64, 64, 16);(38, 13, 32);(38, 13, 32);0.006234784126281739
(64, 64, 64, 16);(38, 13, 32);(38, 13, 32);0.005593887805938721
(64, 64, 64, 16);(38, 13, 32);(38, 13, 32);0.005483615875244141
(64, 64, 64, 16);(38, 13, 32);(38, 13, 32);0.006203167915344239
(64, 64, 64, 16);(38, 13, 32);(38, 13, 32);0.005573376178741455
(64, 64, 64, 16);(38, 13, 32);(38, 13, 32);0.005808735847473144
(64, 64, 64, 16);(38, 13, 32);(38, 13, 32);0.005922815799713135
(64, 64, 64, 16);(38, 13, 32);(38, 13, 32);0.005951424121856689
(64, 64, 64, 16);(38, 13, 32);(38, 13, 32);0.005810143947601318
(64, 64, 64, 16);(38, 13, 32);(38, 13, 32);0.005544159889221191
(64, 64, 64, 16);(38, 13, 32);(38, 13, 32);0.005856063842773438
(64, 64, 64, 16);(38, 13, 32);(38, 13, 32);0.005884096145629882
(64, 64, 64, 16);(38, 13, 32);(38, 13, 32);0.00574505615234375
(64, 64, 64, 16);(38, 13, 32);(38, 13, 32);0.00553001594543457
(64, 64, 64, 16);(38, 13, 32);(38, 13, 32);0.006198880195617676
(64, 64, 64, 16);(38, 13, 32);(38, 13, 32);0.005461023807525635
(64, 64, 64, 16);(38, 13, 32);(38, 13, 32);0.005855904102325439
(64, 64, 64, 16);(38, 13, 32);(38, 13, 32);0.005972640037536621
(64, 64, 64, 16);(38, 13, 32);(38, 13, 32);0.005592864036560058
(64, 64, 64, 16);(38, 13, 32);(38, 13, 32);0.005804031848907471
(64, 64, 64, 16);(38, 13, 32);(38, 13, 32);0.005894336223602295
(64, 64, 64, 32);(37, 4, 2);(8, 4, 2);0.004596543788909912
(64, 64, 64, 32);(37, 4, 2);(8, 4, 2);0.004068895816802979
(64, 64, 64, 32);(37, 4, 2);(8, 4, 2);0.004471551895141601
(64, 64, 64, 32);(37, 4, 2);(8, 4, 2);0.004425280094146729
(64, 64, 64, 32);(37, 4, 2);(8, 4, 2);0.004165631771087646
(64, 64, 64, 32);(37, 4, 2);(8, 4, 2);0.004068287849426269
(64, 64, 64, 32);(37, 4, 2);(8, 4, 2);0.004619775772094726
(64, 64, 64, 32);(37, 4, 2);(8, 4, 2);0.004058591842651367
(64, 64, 64, 32);(37, 4, 2);(8, 4, 2);0.004182496070861816
(64, 64, 64, 32);(37, 4, 2);(8, 4, 2);0.004402143955230713
(64, 64, 64, 32);(37, 4, 2);(8, 4, 2);0.004442592144012451
(64, 64, 64, 32);(37, 4, 2);(8, 4, 2);0.004047103881835937
(64, 64, 64, 32);(37, 4, 2);(8, 4, 2);0.0044488320350646975
(64, 64, 64, 32);(37, 4, 2);(8, 4, 2);0.004058688163757324
(64, 64, 64, 32);(37, 4, 2);(8, 4, 2);0.00454585599899292
(64, 64, 64, 32);(37, 4, 2);(8, 4, 2);0.004393887996673584
(64, 64, 64, 32);(37, 4, 2);(8, 4, 2);0.004216256141662597
(64, 64, 64, 32);(37, 4, 2);(8, 4, 2);0.004080959796905518
(64, 64, 64, 32);(37, 4, 2);(8, 4, 2);0.004878015995025635
(64, 64, 64, 32);(37, 4, 2);(8, 4, 2);0.004177631855010987
(64, 64, 64, 32);(37, 4, 2);(8, 4, 2);0.0040776638984680175
(64, 64, 64, 32);(37, 4, 2);(8, 4, 2);0.004702752113342285
(64, 64, 64, 32);(37, 4, 2);(8, 4, 2);0.004055103778839111
(64, 64, 64, 32);(37, 4, 2);(8, 4, 2);0.004208864212036133
(64, 64, 64, 32);(37, 4, 2);(8, 4, 2);0.004071712017059326
(64, 64, 64, 32);(37, 4, 2);(8, 4, 2);0.00488969612121582
(64, 64, 64, 32);(37, 4, 2);(8, 4, 2);0.0040672640800476076
(64, 64, 64, 32);(37, 4, 2);(8, 4, 2);0.00421062421798706
(64, 64, 64, 32);(37, 4, 2);(8, 4, 2);0.0044256639480590824
(64, 64, 64, 32);(37, 4, 2);(8, 4, 2);0.004579648017883301
(64, 64, 64, 64);(51, 27, 40);(51, 27, 40);0.005474944114685059
(64, 64, 64, 64);(51, 27, 40);(51, 27, 40);0.005064896106719971
(64, 64, 64, 64);(51, 27, 40);(51, 27, 40);0.00559168004989624
(64, 64, 64, 64);(51, 27, 40);(51, 27, 40);0.005515999794006347
(64, 64, 64, 64);(51, 27, 40);(51, 27, 40);0.0049967041015625
(64, 64, 64, 64);(51, 27, 40);(51, 27, 40);0.005787680149078369
(64, 64, 64, 64);(51, 27, 40);(51, 27, 40);0.005
(64, 64, 64, 64);(51, 27, 40);(51, 27, 40);0.005115456104278564
(64, 64, 64, 64);(51, 27, 40);(51, 27, 40);0.005861087799072266
(64, 64, 64, 64);(51, 27, 40);(51, 27, 40);0.005027040004730225
(64, 64, 64, 64);(51, 27, 40);(51, 27, 40);0.005528351783752441
(64, 64, 64, 64);(51, 27, 40);(51, 27, 40);0.005506847858428955
(64, 64, 64, 64);(51, 27, 40);(51, 27, 40);0.005186495780944825
(64, 64, 64, 64);(51, 27, 40);(51, 27, 40);0.005468160152435303
(64, 64, 64, 64);(51, 27, 40);(51, 27, 40);0.005539040088653565
(64, 64, 64, 64);(51, 27, 40);(51, 27, 40);0.005435135841369629
(64, 64, 64, 64);(51, 27, 40);(51, 27, 40);0.005151616096496582
(64, 64, 64, 64);(51, 27, 40);(51, 27, 40);0.005878047943115234
(64, 64, 64, 64);(51, 27, 40);(51, 27, 40);0.005040703773498535
(64, 64, 64, 64);(51, 27, 40);(51, 27, 40);0.005112031936645508
(64, 64, 64, 64);(51, 27, 40);(51, 27, 40);0.005782591819763184
(64, 64, 64, 64);(51, 27, 40);(51, 27, 40);0.005013663768768311
(64, 64, 64, 64);(51, 27, 40);(51, 27, 40);0.005437568187713623
(64, 64, 64, 64);(51, 27, 40);(51, 27, 40);0.0053751678466796874
(64, 64, 64, 64);(51, 27, 40);(51, 27, 40);0.005125247955322266
(64, 64, 64, 64);(51, 27, 40);(51, 27, 40);0.005481664180755615
(64, 64, 64, 64);(51, 27, 40);(51, 27, 40);0.005010528087615967
(64, 64, 64, 64);(51, 27, 40);(51, 27, 40);0.005804351806640625
(64, 64, 64, 64);(51, 27, 40);(51, 27, 40);0.005142623901367187
(64, 64, 64, 64);(51, 27, 40);(51, 27, 40);0.004990272045135498
(64, 64, 64, 128);(30, 58, 45);(30, 58, 45);0.00597270393371582
(64, 64, 64, 128);(30, 58, 45);(30, 58, 45);0.005461056232452393
(64, 64, 64, 128);(30, 58, 45);(30, 58, 45);0.005661312103271484
(64, 64, 64, 128);(30, 58, 45);(30, 58, 45);0.005801087856292725
(64, 64, 64, 128);(30, 58, 45);(30, 58, 45);0.0057422080039978025
(64, 64, 64, 128);(30, 58, 45);(30, 58, 45);0.005379039764404297
(64, 64, 64, 128);(30, 58, 45);(30, 58, 45);0.005822720050811768
(64, 64, 64, 128);(30, 58, 45);(30, 58, 45);0.005767744064331054
(64, 64, 64, 128);(30, 58, 45);(30, 58, 45);0.005354112148284912
(64, 64, 64, 128);(30, 58, 45);(30, 58, 45);0.006259136199951172
(64, 64, 64, 128);(30, 58, 45);(30, 58, 45);0.005319200038909912
(64, 64, 64, 128);(30, 58, 45);(30, 58, 45);0.005983263969421387
(64, 64, 64, 128);(30, 58, 45);(30, 58, 45);0.005439616203308105
(64, 64, 64, 128);(30, 58, 45);(30, 58, 45);0.005348991870880127
(64, 64, 64, 128);(30, 58, 45);(30, 58, 45);0.0061209602355957035
(64, 64, 64, 128);(30, 58, 45);(30, 58, 45);0.005458975791931152
(64, 64, 64, 128);(30, 58, 45);(30, 58, 45);0.005680064201354981
(64, 64, 64, 128);(30, 58, 45);(30, 58, 45);0.005805439949035644
(64, 64, 64, 128);(30, 58, 45);(30, 58, 45);0.005746623992919922
(64, 64, 64, 128);(30, 58, 45);(30, 58, 45);0.00534278392791748
(64, 64, 64, 128);(30, 58, 45);(30, 58, 45);0.005891615867614746
(64, 64, 64, 128);(30, 58, 45);(30, 58, 45);0.005777440071105957
(64, 64, 64, 128);(30, 58, 45);(30, 58, 45);0.005316639900207519
(64, 64, 64, 128);(30, 58, 45);(30, 58, 45);0.005926208019256592
(64, 64, 64, 128);(30, 58, 45);(30, 58, 45);0.005434336185455323
(64, 64, 64, 128);(30, 58, 45);(30, 58, 45);0.005640543937683105
(64, 64, 64, 128);(30, 58, 45);(30, 58, 45);0.005771999835968018
(64, 64, 64, 128);(30, 58, 45);(30, 58, 45);0.005416351795196533
(64, 64, 64, 128);(30, 58, 45);(30, 58, 45);0.005643871784210205
(64, 64, 64, 128);(30, 58, 45);(30, 58, 45);0.005776127815246582
(64, 64, 64, 256);(11, 24, 34);(11, 24, 34);0.005727327823638916
(64, 64, 64, 256);(11, 24, 34);(11, 24, 34);0.005308159828186035
(64, 64, 64, 256);(11, 24, 34);(11, 24, 34);0.006091296195983887
(64, 64, 64, 256);(11, 24, 34);(11, 24, 34);0.005395904064178467
(64, 64, 64, 256);(11, 24, 34);(11, 24, 34);0.005280223846435547
(64, 64, 64, 256);(11, 24, 34);(11, 24, 34);0.005993023872375488
(64, 64, 64, 256);(11, 24, 34);(11, 24, 34);0.005447904109954834
(64, 64, 64, 256);(11, 24, 34);(11, 24, 34);0.005633855819702148
(64, 64, 64, 256);(11, 24, 34);(11, 24, 34);0.005761600017547607
(64, 64, 64, 256);(11, 24, 34);(11, 24, 34);0.00571449613571167
(64, 64, 64, 256);(11, 24, 34);(11, 24, 34);0.005339807987213134
(64, 64, 64, 256);(11, 24, 34);(11, 24, 34);0.005629248142242431
(64, 64, 64, 256);(11, 24, 34);(11, 24, 34);0.005772064208984375
(64, 64, 64, 256);(11, 24, 34);(11, 24, 34);0.005670976161956787
(64, 64, 64, 256);(11, 24, 34);(11, 24, 34);0.005825568199157715
(64, 64, 64, 256);(11, 24, 34);(11, 24, 34);0.005294079780578613
(64, 64, 64, 256);(11, 24, 34);(11, 24, 34);0.005964447975158691
(64, 64, 64, 256);(11, 24, 34);(11, 24, 34);0.005390336036682129
(64, 64, 64, 256);(11, 24, 34);(11, 24, 34);0.005304671764373779
(64, 64, 64, 256);(11, 24, 34);(11, 24, 34);0.006076255798339844
(64, 64, 64, 256);(11, 24, 34);(11, 24, 34);0.005390272140502929
(64, 64, 64, 256);(11, 24, 34);(11, 24, 34);0.005606880187988281
(64, 64, 64, 256);(11, 24, 34);(11, 24, 34);0.005758080005645752
(64, 64, 64, 256);(11, 24, 34);(11, 24, 34);0.005391808032989502
(64, 64, 64, 256);(11, 24, 34);(11, 24, 34);0.005610559940338135
(64, 64, 64, 256);(11, 24, 34);(11, 24, 34);0.005656864166259766
(64, 64, 64, 256);(11, 24, 34);(11, 24, 34);0.005723711967468262
(64, 64, 64, 256);(11, 24, 34);(11, 24, 34);0.005279679775238037
(64, 64, 64, 256);(11, 24, 34);(11, 24, 34);0.00597049617767334
(64, 64, 64, 256);(11, 24, 34);(11, 24, 34);0.005392831802368164
(64, 64, 64, 512);(53, 11, 28);(53, 11, 28);0.005671135902404785
(64, 64, 64, 512);(53, 11, 28);(53, 11, 28);0.006418528079986573
(64, 64, 64, 512);(53, 11, 28);(53, 11, 28);0.005740320205688477
(64, 64, 64, 512);(53, 11, 28);(53, 11, 28);0.0059582719802856446
(64, 64, 64, 512);(53, 11, 28);(53, 11, 28);0.006117055892944336
(64, 64, 64, 512);(53, 11, 28);(53, 11, 28);0.006056128025054931
(64, 64, 64, 512);(53, 11, 28);(53, 11, 28);0.00611683177947998
(64, 64, 64, 512);(53, 11, 28);(53, 11, 28);0.006058495998382568
(64, 64, 64, 512);(53, 11, 28);(53, 11, 28);0.005638495922088623
(64, 64, 64, 512);(53, 11, 28);(53, 11, 28);0.006387872219085693
(64, 64, 64, 512);(53, 11, 28);(53, 11, 28);0.005730144023895264
(64, 64, 64, 512);(53, 11, 28);(53, 11, 28);0.005634431838989258
(64, 64, 64, 512);(53, 11, 28);(53, 11, 28);0.006416255950927734
(64, 64, 64, 512);(53, 11, 28);(53, 11, 28);0.0057250881195068356
(64, 64, 64, 512);(53, 11, 28);(53, 11, 28);0.005941535949707031
(64, 64, 64, 512);(53, 11, 28);(53, 11, 28);0.006097248077392578
(64, 64, 64, 512);(53, 11, 28);(53, 11, 28);0.006040544033050537
(64, 64, 64, 512);(53, 11, 28);(53, 11, 28);0.006108960151672363
(64, 64, 64, 512);(53, 11, 28);(53, 11, 28);0.006030432224273682
(64, 64, 64, 512);(53, 11, 28);(53, 11, 28);0.00562553596496582
(64, 64, 64, 512);(53, 11, 28);(53, 11, 28);0.006416192054748535
(64, 64, 64, 512);(53, 11, 28);(53, 11, 28);0.0057506561279296875
(64, 64, 64, 512);(53, 11, 28);(53, 11, 28);0.0056245441436767575
(64, 64, 64, 512);(53, 11, 28);(53, 11, 28);0.006441120147705078
(64, 64, 64, 512);(53, 11, 28);(53, 11, 28);0.005728447914123535
(64, 64, 64, 512);(53, 11, 28);(53, 11, 28);0.005919551849365235
(64, 64, 64, 512);(53, 11, 28);(53, 11, 28);0.006081632137298584
(64, 64, 64, 512);(53, 11, 28);(53, 11, 28);0.006048192024230957
(64, 64, 64, 512);(53, 11, 28);(53, 11, 28);0.005995840072631836
(64, 64, 64, 512);(53, 11, 28);(53, 11, 28);0.006101439952850342
(64, 64, 64, 1024);(35, 44, 24);(35, 44, 24);0.005540383815765381
(64, 64, 64, 1024);(35, 44, 24);(35, 44, 24);0.0063348479270935055
(64, 64, 64, 1024);(35, 44, 24);(35, 44, 24);0.005854720115661621
(64, 64, 64, 1024);(35, 44, 24);(35, 44, 24);0.0055994558334350585
(64, 64, 64, 1024);(35, 44, 24);(35, 44, 24);0.006312863826751709
(64, 64, 64, 1024);(35, 44, 24);(35, 44, 24);0.005616352081298828
(64, 64, 64, 1024);(35, 44, 24);(35, 44, 24);0.005872352123260498
(64, 64, 64, 1024);(35, 44, 24);(35, 44, 24);0.005971776008605957
(64, 64, 64, 1024);(35, 44, 24);(35, 44, 24);0.005937376022338867
(64, 64, 64, 1024);(35, 44, 24);(35, 44, 24);0.005879968166351318
(64, 64, 64, 1024);(35, 44, 24);(35, 44, 24);0.006013823986053467
(64, 64, 64, 1024);(35, 44, 24);(35, 44, 24);0.005501183986663818
(64, 64, 64, 1024);(35, 44, 24);(35, 44, 24);0.0059688959121704105
(64, 64, 64, 1024);(35, 44, 24);(35, 44, 24);0.005952511787414551
(64, 64, 64, 1024);(35, 44, 24);(35, 44, 24);0.005519807815551758
(64, 64, 64, 1024);(35, 44, 24);(35, 44, 24);0.006265535831451416
(64, 64, 64, 1024);(35, 44, 24);(35, 44, 24);0.005611904144287109
(64, 64, 64, 1024);(35, 44, 24);(35, 44, 24);0.005822879791259766
(64, 64, 64, 1024);(35, 44, 24);(35, 44, 24);0.005984032154083252
(64, 64, 64, 1024);(35, 44, 24);(35, 44, 24);0.005975711822509766
(64, 64, 64, 1024);(35, 44, 24);(35, 44, 24);0.005514815807342529
(64, 64, 64, 1024);(35, 44, 24);(35, 44, 24);0.005962399959564209
(64, 64, 64, 1024);(35, 44, 24);(35, 44, 24);0.005924416065216064
(64, 64, 64, 1024);(35, 44, 24);(35, 44, 24);0.0054941439628601076
(64, 64, 64, 1024);(35, 44, 24);(35, 44, 24);0.006382016181945801
(64, 64, 64, 1024);(35, 44, 24);(35, 44, 24);0.005605375766754151
(64, 64, 64, 1024);(35, 44, 24);(35, 44, 24);0.006231103897094727
(64, 64, 64, 1024);(35, 44, 24);(35, 44, 24);0.0056080641746520995
(64, 64, 64, 1024);(35, 44, 24);(35, 44, 24);0.0055195198059082035
(64, 64, 64, 1024);(35, 44, 24);(35, 44, 24);0.006408448219299316
(64, 64, 64, 64, 2);(21, 26, 61, 56);(21, 26, 61, 56);0.042207454681396486
(64, 64, 64, 64, 2);(21, 26, 61, 56);(21, 26, 61, 56);0.041444095611572265
(64, 64, 64, 64, 2);(21, 26, 61, 56);(21, 26, 61, 56);0.04156563186645508
(64, 64, 64, 64, 2);(21, 26, 61, 56);(21, 26, 61, 56);0.042358238220214846
(64, 64, 64, 64, 2);(21, 26, 61, 56);(21, 26, 61, 56);0.04180688095092774
(64, 64, 64, 64, 2);(21, 26, 61, 56);(21, 26, 61, 56);0.04165456008911133
(64, 64, 64, 64, 2);(21, 26, 61, 56);(21, 26, 61, 56);0.041415008544921875
(64, 64, 64, 64, 2);(21, 26, 61, 56);(21, 26, 61, 56);0.04139632034301758
(64, 64, 64, 64, 2);(21, 26, 61, 56);(21, 26, 61, 56);0.041723934173583985
(64, 64, 64, 64, 2);(21, 26, 61, 56);(21, 26, 61, 56);0.041205406188964844
(64, 64, 64, 64, 2);(21, 26, 61, 56);(21, 26, 61, 56);0.041888862609863284
(64, 64, 64, 64, 2);(21, 26, 61, 56);(21, 26, 61, 56);0.0423438720703125
(64, 64, 64, 64, 2);(21, 26, 61, 56);(21, 26, 61, 56);0.041350494384765624
(64, 64, 64, 64, 2);(21, 26, 61, 56);(21, 26, 61, 56);0.0423135986328125
(64, 64, 64, 64, 2);(21, 26, 61, 56);(21, 26, 61, 56);0.04141923141479492
(64, 64, 64, 64, 2);(21, 26, 61, 56);(21, 26, 61, 56);0.04170959854125977
(64, 64, 64, 64, 2);(21, 26, 61, 56);(21, 26, 61, 56);0.041282142639160156
(64, 64, 64, 64, 2);(21, 26, 61, 56);(21, 26, 61, 56);0.04179011154174805
(64, 64, 64, 64, 2);(21, 26, 61, 56);(21, 26, 61, 56);0.041148895263671874
(64, 64, 64, 64, 2);(21, 26, 61, 56);(21, 26, 61, 56);0.0421321907043457
(64, 64, 64, 64, 2);(21, 26, 61, 56);(21, 26, 61, 56);0.04169801712036133
(64, 64, 64, 64, 2);(21, 26, 61, 56);(21, 26, 61, 56);0.042449665069580075
(64, 64, 64, 64, 2);(21, 26, 61, 56);(21, 26, 61, 56);0.04128364944458008
(64, 64, 64, 64, 2);(21, 26, 61, 56);(21, 26, 61, 56);0.041919776916503906
(64, 64, 64, 64, 2);(21, 26, 61, 56);(21, 26, 61, 56);0.041094528198242185
(64, 64, 64, 64, 2);(21, 26, 61, 56);(21, 26, 61, 56);0.04177852630615234
(64, 64, 64, 64, 2);(21, 26, 61, 56);(21, 26, 61, 56);0.04112675094604492
(64, 64, 64, 64, 2);(21, 26, 61, 56);(21, 26, 61, 56);0.04194924926757813
(64, 64, 64, 64, 2);(21, 26, 61, 56);(21, 26, 61, 56);0.0428260498046875
(64, 64, 64, 64, 2);(21, 26, 61, 56);(21, 26, 61, 56);0.04195756912231445
(64, 64, 64, 64, 4);(26, 53, 34, 12);(26, 53, 34, 12);0.04324095916748047
(64, 64, 64, 64, 4);(26, 53, 34, 12);(26, 53, 34, 12);0.04268137741088867
(64, 64, 64, 64, 4);(26, 53, 34, 12);(26, 53, 34, 12);0.043335552215576174
(64, 64, 64, 64, 4);(26, 53, 34, 12);(26, 53, 34, 12);0.042831169128417966
(64, 64, 64, 64, 4);(26, 53, 34, 12);(26, 53, 34, 12);0.04276128005981445
(64, 64, 64, 64, 4);(26, 53, 34, 12);(26, 53, 34, 12);0.042515361785888675
(64, 64, 64, 64, 4);(26, 53, 34, 12);(26, 53, 34, 12);0.04279324722290039
(64, 64, 64, 64, 4);(26, 53, 34, 12);(26, 53, 34, 12);0.042533409118652346
(64, 64, 64, 64, 4);(26, 53, 34, 12);(26, 53, 34, 12);0.04273209762573242
(64, 64, 64, 64, 4);(26, 53, 34, 12);(26, 53, 34, 12);0.04335459136962891
(64, 64, 64, 64, 4);(26, 53, 34, 12);(26, 53, 34, 12);0.042738174438476564
(64, 64, 64, 64, 4);(26, 53, 34, 12);(26, 53, 34, 12);0.04242409515380859
(64, 64, 64, 64, 4);(26, 53, 34, 12);(26, 53, 34, 12);0.04282284927368164
(64, 64, 64, 64, 4);(26, 53, 34, 12);(26, 53, 34, 12);0.04312697601318359
(64, 64, 64, 64, 4);(26, 53, 34, 12);(26, 53, 34, 12);0.04296518325805664
(64, 64, 64, 64, 4);(26, 53, 34, 12);(26, 53, 34, 12);0.04297020721435547
(64, 64, 64, 64, 4);(26, 53, 34, 12);(26, 53, 34, 12);0.042120990753173826
(64, 64, 64, 64, 4);(26, 53, 34, 12);(26, 53, 34, 12);0.042725025177001955
(64, 64, 64, 64, 4);(26, 53, 34, 12);(26, 53, 34, 12);0.04288143920898437
(64, 64, 64, 64, 4);(26, 53, 34, 12);(26, 53, 34, 12);0.04299647903442383
(64, 64, 64, 64, 4);(26, 53, 34, 12);(26, 53, 34, 12);0.04294911956787109
(64, 64, 64, 64, 4);(26, 53, 34, 12);(26, 53, 34, 12);0.042816192626953124
(64, 64, 64, 64, 4);(26, 53, 34, 12);(26, 53, 34, 12);0.04289164733886719
(64, 64, 64, 64, 4);(26, 53, 34, 12);(26, 53, 34, 12);0.04306892776489258
(64, 64, 64, 64, 4);(26, 53, 34, 12);(26, 53, 34, 12);0.04311068725585938
(64, 64, 64, 64, 4);(26, 53, 34, 12);(26, 53, 34, 12);0.04270902252197266
(64, 64, 64, 64, 4);(26, 53, 34, 12);(26, 53, 34, 12);0.042601150512695314
(64, 64, 64, 64, 4);(26, 53, 34, 12);(26, 53, 34, 12);0.04222150421142578
(64, 64, 64, 64, 4);(26, 53, 34, 12);(26, 53, 34, 12);0.043237377166748046
(64, 64, 64, 64, 4);(26, 53, 34, 12);(26, 53, 34, 12);0.042820606231689456
(64, 64, 64, 64, 8);(12, 3, 39, 8);(12, 3, 39, 8);0.04205078506469727
(64, 64, 64, 64, 8);(12, 3, 39, 8);(12, 3, 39, 8);0.04269913482666016
(64, 64, 64, 64, 8);(12, 3, 39, 8);(12, 3, 39, 8);0.04242073440551758
(64, 64, 64, 64, 8);(12, 3, 39, 8);(12, 3, 39, 8);0.04334281539916992
(64, 64, 64, 64, 8);(12, 3, 39, 8);(12, 3, 39, 8);0.042254463195800784
(64, 64, 64, 64, 8);(12, 3, 39, 8);(12, 3, 39, 8);0.04314992141723633
(64, 64, 64, 64, 8);(12, 3, 39, 8);(12, 3, 39, 8);0.042588001251220704
(64, 64, 64, 64, 8);(12, 3, 39, 8);(12, 3, 39, 8);0.04209878540039062
(64, 64, 64, 64, 8);(12, 3, 39, 8);(12, 3, 39, 8);0.04361772918701172
(64, 64, 64, 64, 8);(12, 3, 39, 8);(12, 3, 39, 8);0.04287702560424805
(64, 64, 64, 64, 8);(12, 3, 39, 8);(12, 3, 39, 8);0.04277740859985352
(64, 64, 64, 64, 8);(12, 3, 39, 8);(12, 3, 39, 8);0.04213427352905273
(64, 64, 64, 64, 8);(12, 3, 39, 8);(12, 3, 39, 8);0.04271225738525391
(64, 64, 64, 64, 8);(12, 3, 39, 8);(12, 3, 39, 8);0.04337382507324219
(64, 64, 64, 64, 8);(12, 3, 39, 8);(12, 3, 39, 8);0.04277814483642578
(64, 64, 64, 64, 8);(12, 3, 39, 8);(12, 3, 39, 8);0.04266972732543945
(64, 64, 64, 64, 8);(12, 3, 39, 8);(12, 3, 39, 8);0.04216934585571289
(64, 64, 64, 64, 8);(12, 3, 39, 8);(12, 3, 39, 8);0.042367008209228514
(64, 64, 64, 64, 8);(12, 3, 39, 8);(12, 3, 39, 8);0.04283580780029297
(64, 64, 64, 64, 8);(12, 3, 39, 8);(12, 3, 39, 8);0.04319158554077149
(64, 64, 64, 64, 8);(12, 3, 39, 8);(12, 3, 39, 8);0.04293801498413086
(64, 64, 64, 64, 8);(12, 3, 39, 8);(12, 3, 39, 8);0.04197040176391602
(64, 64, 64, 64, 8);(12, 3, 39, 8);(12, 3, 39, 8);0.04230640029907227
(64, 64, 64, 64, 8);(12, 3, 39, 8);(12, 3, 39, 8);0.042017601013183595
(64, 64, 64, 64, 8);(12, 3, 39, 8);(12, 3, 39, 8);0.04357791900634766
(64, 64, 64, 64, 8);(12, 3, 39, 8);(12, 3, 39, 8);0.04278361511230469
(64, 64, 64, 64, 8);(12, 3, 39, 8);(12, 3, 39, 8);0.042319297790527344
(64, 64, 64, 64, 8);(12, 3, 39, 8);(12, 3, 39, 8);0.04217379379272461
(64, 64, 64, 64, 8);(12, 3, 39, 8);(12, 3, 39, 8);0.04276601409912109
(64, 64, 64, 64, 8);(12, 3, 39, 8);(12, 3, 39, 8);0.04327439880371094
(64, 64, 64, 64, 16);(11, 1, 12, 2);(11, 1, 12, 2);0.04215017700195312
(64, 64, 64, 64, 16);(11, 1, 12, 2);(11, 1, 12, 2);0.042178272247314456
(64, 64, 64, 64, 16);(11, 1, 12, 2);(11, 1, 12, 2);0.04236326217651367
(64, 64, 64, 64, 16);(11, 1, 12, 2);(11, 1, 12, 2);0.0421978874206543
(64, 64, 64, 64, 16);(11, 1, 12, 2);(11, 1, 12, 2);0.042500255584716796
(64, 64, 64, 64, 16);(11, 1, 12, 2);(11, 1, 12, 2);0.04265628814697266
(64, 64, 64, 64, 16);(11, 1, 12, 2);(11, 1, 12, 2);0.042033248901367185
(64, 64, 64, 64, 16);(11, 1, 12, 2);(11, 1, 12, 2);0.04265760040283203
(64, 64, 64, 64, 16);(11, 1, 12, 2);(11, 1, 12, 2);0.04223027038574219
(64, 64, 64, 64, 16);(11, 1, 12, 2);(11, 1, 12, 2);0.04179811096191406
(64, 64, 64, 64, 16);(11, 1, 12, 2);(11, 1, 12, 2);0.04319267272949219
(64, 64, 64, 64, 16);(11, 1, 12, 2);(11, 1, 12, 2);0.04204755020141602
(64, 64, 64, 64, 16);(11, 1, 12, 2);(11, 1, 12, 2);0.042201503753662106
(64, 64, 64, 64, 16);(11, 1, 12, 2);(11, 1, 12, 2);0.04246745681762695
(64, 64, 64, 64, 16);(11, 1, 12, 2);(11, 1, 12, 2);0.04221830368041992
(64, 64, 64, 64, 16);(11, 1, 12, 2);(11, 1, 12, 2);0.04188819122314453
(64, 64, 64, 64, 16);(11, 1, 12, 2);(11, 1, 12, 2);0.04215856170654297
(64, 64, 64, 64, 16);(11, 1, 12, 2);(11, 1, 12, 2);0.04251855850219727
(64, 64, 64, 64, 16);(11, 1, 12, 2);(11, 1, 12, 2);0.04292387390136719
(64, 64, 64, 64, 16);(11, 1, 12, 2);(11, 1, 12, 2);0.04261859130859375
(64, 64, 64, 64, 16);(11, 1, 12, 2);(11, 1, 12, 2);0.04160281753540039
(64, 64, 64, 64, 16);(11, 1, 12, 2);(11, 1, 12, 2);0.042294273376464846
(64, 64, 64, 64, 16);(11, 1, 12, 2);(11, 1, 12, 2);0.04189046478271485
(64, 64, 64, 64, 16);(11, 1, 12, 2);(11, 1, 12, 2);0.04333321762084961
(64, 64, 64, 64, 16);(11, 1, 12, 2);(11, 1, 12, 2);0.04238079833984375
(64, 64, 64, 64, 16);(11, 1, 12, 2);(11, 1, 12, 2);0.04254576110839844
(64, 64, 64, 64, 16);(11, 1, 12, 2);(11, 1, 12, 2);0.0420579833984375
(64, 64, 64, 64, 16);(11, 1, 12, 2);(11, 1, 12, 2);0.04235225677490234
(64, 64, 64, 64, 16);(11, 1, 12, 2);(11, 1, 12, 2);0.043012351989746095
(64, 64, 64, 64, 16);(11, 1, 12, 2);(11, 1, 12, 2);0.04221513748168945
(64, 64, 64, 64, 32);(26, 53, 8, 5);(26, 53, 8, 5);0.0421558723449707
(64, 64, 64, 64, 32);(26, 53, 8, 5);(26, 53, 8, 5);0.04228361511230469
(64, 64, 64, 64, 32);(26, 53, 8, 5);(26, 53, 8, 5);0.042253185272216796
(64, 64, 64, 64, 32);(26, 53, 8, 5);(26, 53, 8, 5);0.042074207305908204
(64, 64, 64, 64, 32);(26, 53, 8, 5);(26, 53, 8, 5);0.042832927703857424
(64, 64, 64, 64, 32);(26, 53, 8, 5);(26, 53, 8, 5);0.04193552017211914
(64, 64, 64, 64, 32);(26, 53, 8, 5);(26, 53, 8, 5);0.04224691009521484
(64, 64, 64, 64, 32);(26, 53, 8, 5);(26, 53, 8, 5);0.042159137725830076
(64, 64, 64, 64, 32);(26, 53, 8, 5);(26, 53, 8, 5);0.04228515243530274
(64, 64, 64, 64, 32);(26, 53, 8, 5);(26, 53, 8, 5);0.0421157112121582
(64, 64, 64, 64, 32);(26, 53, 8, 5);(26, 53, 8, 5);0.04170943832397461
(64, 64, 64, 64, 32);(26, 53, 8, 5);(26, 53, 8, 5);0.04302867126464844
(64, 64, 64, 64, 32);(26, 53, 8, 5);(26, 53, 8, 5);0.04223775863647461
(64, 64, 64, 64, 32);(26, 53, 8, 5);(26, 53, 8, 5);0.04236937713623047
(64, 64, 64, 64, 32);(26, 53, 8, 5);(26, 53, 8, 5);0.04189465713500977
(64, 64, 64, 64, 32);(26, 53, 8, 5);(26, 53, 8, 5);0.042006526947021484
(64, 64, 64, 64, 32);(26, 53, 8, 5);(26, 53, 8, 5);0.041566047668457035
(64, 64, 64, 64, 32);(26, 53, 8, 5);(26, 53, 8, 5);0.04265523147583008
(64, 64, 64, 64, 32);(26, 53, 8, 5);(26, 53, 8, 5);0.04199059295654297
(64, 64, 64, 64, 32);(26, 53, 8, 5);(26, 53, 8, 5);0.04221443176269531
(64, 64, 64, 64, 32);(26, 53, 8, 5);(26, 53, 8, 5);0.04232223892211914
(64, 64, 64, 64, 32);(26, 53, 8, 5);(26, 53, 8, 5);0.042294273376464846
(64, 64, 64, 64, 32);(26, 53, 8, 5);(26, 53, 8, 5);0.04215407943725586
(64, 64, 64, 64, 32);(26, 53, 8, 5);(26, 53, 8, 5);0.04292422485351562
(64, 64, 64, 64, 32);(26, 53, 8, 5);(26, 53, 8, 5);0.0425843505859375
(64, 64, 64, 64, 32);(26, 53, 8, 5);(26, 53, 8, 5);0.04202819061279297
(64, 64, 64, 64, 32);(26, 53, 8, 5);(26, 53, 8, 5);0.04238937759399414
(64, 64, 64, 64, 32);(26, 53, 8, 5);(26, 53, 8, 5);0.04187612915039062
(64, 64, 64, 64, 32);(26, 53, 8, 5);(26, 53, 8, 5);0.042412609100341794
(64, 64, 64, 64, 32);(26, 53, 8, 5);(26, 53, 8, 5);0.04261404800415039
(64, 64, 64, 64, 64);(59, 52, 23, 15);(59, 52, 23, 15);0.040673152923583984
(64, 64, 64, 64, 64);(59, 52, 23, 15);(59, 52, 23, 15);0.040236927032470705
(64, 64, 64, 64, 64);(59, 52, 23, 15);(59, 52, 23, 15);0.04077081680297852
(64, 64, 64, 64, 64);(59, 52, 23, 15);(59, 52, 23, 15);0.040492576599121095
(64, 64, 64, 64, 64);(59, 52, 23, 15);(59, 52, 23, 15);0.040572959899902346
(64, 64, 64, 64, 64);(59, 52, 23, 15);(59, 52, 23, 15);0.040395198822021486
(64, 64, 64, 64, 64);(59, 52, 23, 15);(59, 52, 23, 15);0.039962303161621096
(64, 64, 64, 64, 64);(59, 52, 23, 15);(59, 52, 23, 15);0.04063593673706055
(64, 64, 64, 64, 64);(59, 52, 23, 15);(59, 52, 23, 15);0.04051520156860351
(64, 64, 64, 64, 64);(59, 52, 23, 15);(59, 52, 23, 15);0.04051839828491211
(64, 64, 64, 64, 64);(59, 52, 23, 15);(59, 52, 23, 15);0.04050758361816406
(64, 64, 64, 64, 64);(59, 52, 23, 15);(59, 52, 23, 15);0.04071308898925781
(64, 64, 64, 64, 64);(59, 52, 23, 15);(59, 52, 23, 15);0.04011270523071289
(64, 64, 64, 64, 64);(59, 52, 23, 15);(59, 52, 23, 15);0.04003801727294922
(64, 64, 64, 64, 64);(59, 52, 23, 15);(59, 52, 23, 15);0.04075321578979492
(64, 64, 64, 64, 64);(59, 52, 23, 15);(59, 52, 23, 15);0.04070550537109375
(64, 64, 64, 64, 64);(59, 52, 23, 15);(59, 52, 23, 15);0.04047552108764649
(64, 64, 64, 64, 64);(59, 52, 23, 15);(59, 52, 23, 15);0.04006057739257812
(64, 64, 64, 64, 64);(59, 52, 23, 15);(59, 52, 23, 15);0.04053203201293945
(64, 64, 64, 64, 64);(59, 52, 23, 15);(59, 52, 23, 15);0.03987187194824219
(64, 64, 64, 64, 64);(59, 52, 23, 15);(59, 52, 23, 15);0.04003424072265625
(64, 64, 64, 64, 64);(59, 52, 23, 15);(59, 52, 23, 15);0.04054064178466797
(64, 64, 64, 64, 64);(59, 52, 23, 15);(59, 52, 23, 15);0.04034492874145508
(64, 64, 64, 64, 64);(59, 52, 23, 15);(59, 52, 23, 15);0.040562145233154295
(64, 64, 64, 64, 64);(59, 52, 23, 15);(59, 52, 23, 15);0.04010847854614258
(64, 64, 64, 64, 64);(59, 52, 23, 15);(59, 52, 23, 15);0.040345054626464844
(64, 64, 64, 64, 64);(59, 52, 23, 15);(59, 52, 23, 15);0.039826335906982424
(64, 64, 64, 64, 64);(59, 52, 23, 15);(59, 52, 23, 15);0.04008854293823242
(64, 64, 64, 64, 64);(59, 52, 23, 15);(59, 52, 23, 15);0.040266273498535156
(64, 64, 64, 64, 64);(59, 52, 23, 15);(59, 52, 23, 15);0.04015958404541015
(64, 64, 64, 64, 128);(54, 52, 13, 58);(54, 52, 13, 58);0.04020444869995117
(64, 64, 64, 64, 128);(54, 52, 13, 58);(54, 52, 13, 58);0.039761280059814455
(64, 64, 64, 64, 128);(54, 52, 13, 58);(54, 52, 13, 58);0.04026118469238281
(64, 64, 64, 64, 128);(54, 52, 13, 58);(54, 52, 13, 58);0.039597793579101564
(64, 64, 64, 64, 128);(54, 52, 13, 58);(54, 52, 13, 58);0.040145408630371096
(64, 64, 64, 64, 128);(54, 52, 13, 58);(54, 52, 13, 58);0.04180223846435547
(64, 64, 64, 64, 128);(54, 52, 13, 58);(54, 52, 13, 58);0.04113094329833984
(64, 64, 64, 64, 128);(54, 52, 13, 58);(54, 52, 13, 58);0.04106732940673828
(64, 64, 64, 64, 128);(54, 52, 13, 58);(54, 52, 13, 58);0.03951833724975586
(64, 64, 64, 64, 128);(54, 52, 13, 58);(54, 52, 13, 58);0.040251201629638675
(64, 64, 64, 64, 128);(54, 52, 13, 58);(54, 52, 13, 58);0.04055836868286133
(64, 64, 64, 64, 128);(54, 52, 13, 58);(54, 52, 13, 58);0.03958844757080078
(64, 64, 64, 64, 128);(54, 52, 13, 58);(54, 52, 13, 58);0.040842464447021484
(64, 64, 64, 64, 128);(54, 52, 13, 58);(54, 52, 13, 58);0.03940217590332031
(64, 64, 64, 64, 128);(54, 52, 13, 58);(54, 52, 13, 58);0.041386974334716796
(64, 64, 64, 64, 128);(54, 52, 13, 58);(54, 52, 13, 58);0.03998239898681641
(64, 64, 64, 64, 128);(54, 52, 13, 58);(54, 52, 13, 58);0.0393034896850586
(64, 64, 64, 64, 128);(54, 52, 13, 58);(54, 52, 13, 58);0.040935550689697266
(64, 64, 64, 64, 128);(54, 52, 13, 58);(54, 52, 13, 58);0.04016249465942383
(64, 64, 64, 64, 128);(54, 52, 13, 58);(54, 52, 13, 58);0.0407250862121582
(64, 64, 64, 64, 128);(54, 52, 13, 58);(54, 52, 13, 58);0.03982377624511719
(64, 64, 64, 64, 128);(54, 52, 13, 58);(54, 52, 13, 58);0.039446529388427735
(64, 64, 64, 64, 128);(54, 52, 13, 58);(54, 52, 13, 58);0.04008220672607422
(64, 64, 64, 64, 128);(54, 52, 13, 58);(54, 52, 13, 58);0.03974035263061523
(64, 64, 64, 64, 128);(54, 52, 13, 58);(54, 52, 13, 58);0.041008094787597656
(64, 64, 64, 64, 128);(54, 52, 13, 58);(54, 52, 13, 58);0.03966041564941406
(64, 64, 64, 64, 128);(54, 52, 13, 58);(54, 52, 13, 58);0.03979148864746094
(64, 64, 64, 64, 128);(54, 52, 13, 58);(54, 52, 13, 58);0.03994240188598633
(64, 64, 64, 64, 128);(54, 52, 13, 58);(54, 52, 13, 58);0.04000643157958984
(64, 64, 64, 64, 128);(54, 52, 13, 58);(54, 52, 13, 58);0.040543743133544925
(64, 64, 64, 64, 256);(47, 51, 31, 56);(47, 51, 31, 56);0.04120419311523438
(64, 64, 64, 64, 256);(47, 51, 31, 56);(47, 51, 31, 56);0.04115171051025391
(64, 64, 64, 64, 256);(47, 51, 31, 56);(47, 51, 31, 56);0.04134259033203125
(64, 64, 64, 64, 256);(47, 51, 31, 56);(47, 51, 31, 56);0.041165569305419925
(64, 64, 64, 64, 256);(47, 51, 31, 56);(47, 51, 31, 56);0.04092454528808594
(64, 64, 64, 64, 256);(47, 51, 31, 56);(47, 51, 31, 56);0.040997665405273435
(64, 64, 64, 64, 256);(47, 51, 31, 56);(47, 51, 31, 56);0.041021503448486325
(64, 64, 64, 64, 256);(47, 51, 31, 56);(47, 51, 31, 56);0.04105366516113281
(64, 64, 64, 64, 256);(47, 51, 31, 56);(47, 51, 31, 56);0.0404167366027832
(64, 64, 64, 64, 256);(47, 51, 31, 56);(47, 51, 31, 56);0.040895038604736325
(64, 64, 64, 64, 256);(47, 51, 31, 56);(47, 51, 31, 56);0.04045014572143555
(64, 64, 64, 64, 256);(47, 51, 31, 56);(47, 51, 31, 56);0.04057987213134766
(64, 64, 64, 64, 256);(47, 51, 31, 56);(47, 51, 31, 56);0.041121726989746095
(64, 64, 64, 64, 256);(47, 51, 31, 56);(47, 51, 31, 56);0.040862751007080075
(64, 64, 64, 64, 256);(47, 51, 31, 56);(47, 51, 31, 56);0.041581920623779293
(64, 64, 64, 64, 256);(47, 51, 31, 56);(47, 51, 31, 56);0.040863006591796876
(64, 64, 64, 64, 256);(47, 51, 31, 56);(47, 51, 31, 56);0.04120003128051758
(64, 64, 64, 64, 256);(47, 51, 31, 56);(47, 51, 31, 56);0.04126182556152344
(64, 64, 64, 64, 256);(47, 51, 31, 56);(47, 51, 31, 56);0.041363006591796876
(64, 64, 64, 64, 256);(47, 51, 31, 56);(47, 51, 31, 56);0.04122713470458984
(64, 64, 64, 64, 256);(47, 51, 31, 56);(47, 51, 31, 56);0.04132454299926758
(64, 64, 64, 64, 256);(47, 51, 31, 56);(47, 51, 31, 56);0.04082963180541992
(64, 64, 64, 64, 256);(47, 51, 31, 56);(47, 51, 31, 56);0.04112860870361328
(64, 64, 64, 64, 256);(47, 51, 31, 56);(47, 51, 31, 56);0.04046860885620117
(64, 64, 64, 64, 256);(47, 51, 31, 56);(47, 51, 31, 56);0.04112160110473633
(64, 64, 64, 64, 256);(47, 51, 31, 56);(47, 51, 31, 56);0.040421440124511716
(64, 64, 64, 64, 256);(47, 51, 31, 56);(47, 51, 31, 56);0.04042303848266601
(64, 64, 64, 64, 256);(47, 51, 31, 56);(47, 51, 31, 56);0.04117603302001953
(64, 64, 64, 64, 256);(47, 51, 31, 56);(47, 51, 31, 56);0.040774463653564456
(64, 64, 64, 64, 256);(47, 51, 31, 56);(47, 51, 31, 56);0.04175795364379883
(64, 64, 64, 64, 512);(5, 58, 42, 23);(5, 58, 42, 23);0.04186236953735351
(64, 64, 64, 64, 512);(5, 58, 42, 23);(5, 58, 42, 23);0.04270223999023438
(64, 64, 64, 64, 512);(5, 58, 42, 23);(5, 58, 42, 23);0.041842784881591794
(64, 64, 64, 64, 512);(5, 58, 42, 23);(5, 58, 42, 23);0.041448127746582034
(64, 64, 64, 64, 512);(5, 58, 42, 23);(5, 58, 42, 23);0.04214220809936523
(64, 64, 64, 64, 512);(5, 58, 42, 23);(5, 58, 42, 23);0.04233193588256836
(64, 64, 64, 64, 512);(5, 58, 42, 23);(5, 58, 42, 23);0.042070945739746096
(64, 64, 64, 64, 512);(5, 58, 42, 23);(5, 58, 42, 23);0.042171009063720705
(64, 64, 64, 64, 512);(5, 58, 42, 23);(5, 58, 42, 23);0.042295646667480466
(64, 64, 64, 64, 512);(5, 58, 42, 23);(5, 58, 42, 23);0.04202489471435547
(64, 64, 64, 64, 512);(5, 58, 42, 23);(5, 58, 42, 23);0.04204995346069336
(64, 64, 64, 64, 512);(5, 58, 42, 23);(5, 58, 42, 23);0.04188633728027344
(64, 64, 64, 64, 512);(5, 58, 42, 23);(5, 58, 42, 23);0.04269583892822266
(64, 64, 64, 64, 512);(5, 58, 42, 23);(5, 58, 42, 23);0.041764801025390624
(64, 64, 64, 64, 512);(5, 58, 42, 23);(5, 58, 42, 23);0.04194332885742187
(64, 64, 64, 64, 512);(5, 58, 42, 23);(5, 58, 42, 23);0.04209100723266602
(64, 64, 64, 64, 512);(5, 58, 42, 23);(5, 58, 42, 23);0.041976512908935545
(64, 64, 64, 64, 512);(5, 58, 42, 23);(5, 58, 42, 23);0.04171091079711914
(64, 64, 64, 64, 512);(5, 58, 42, 23);(5, 58, 42, 23);0.04220169448852539
(64, 64, 64, 64, 512);(5, 58, 42, 23);(5, 58, 42, 23);0.04270451354980469
(64, 64, 64, 64, 512);(5, 58, 42, 23);(5, 58, 42, 23);0.0418897590637207
(64, 64, 64, 64, 512);(5, 58, 42, 23);(5, 58, 42, 23);0.04199647903442383
(64, 64, 64, 64, 512);(5, 58, 42, 23);(5, 58, 42, 23);0.041975105285644534
(64, 64, 64, 64, 512);(5, 58, 42, 23);(5, 58, 42, 23);0.04196092987060547
(64, 64, 64, 64, 512);(5, 58, 42, 23);(5, 58, 42, 23);0.04150806427001953
(64, 64, 64, 64, 512);(5, 58, 42, 23);(5, 58, 42, 23);0.04232191848754883
(64, 64, 64, 64, 512);(5, 58, 42, 23);(5, 58, 42, 23);0.042332576751708983
(64, 64, 64, 64, 512);(5, 58, 42, 23);(5, 58, 42, 23);0.042270591735839844
(64, 64, 64, 64, 512);(5, 58, 42, 23);(5, 58, 42, 23);0.04221491241455078
(64, 64, 64, 64, 512);(5, 58, 42, 23);(5, 58, 42, 23);0.04225676727294922
(64, 64, 64, 64, 1024);(35, 63, 12, 37);(35, 63, 12, 37);0.041833568572998046
(64, 64, 64, 64, 1024);(35, 63, 12, 37);(35, 63, 12, 37);0.04219827270507812
(64, 64, 64, 64, 1024);(35, 63, 12, 37);(35, 63, 12, 37);0.04223788833618164
(64, 64, 64, 64, 1024);(35, 63, 12, 37);(35, 63, 12, 37);0.04255721664428711
(64, 64, 64, 64, 1024);(35, 63, 12, 37);(35, 63, 12, 37);0.042153793334960936
(64, 64, 64, 64, 1024);(35, 63, 12, 37);(35, 63, 12, 37);0.04208035278320312
(64, 64, 64, 64, 1024);(35, 63, 12, 37);(35, 63, 12, 37);0.042008544921875
(64, 64, 64, 64, 1024);(35, 63, 12, 37);(35, 63, 12, 37);0.04164252853393555
(64, 64, 64, 64, 1024);(35, 63, 12, 37);(35, 63, 12, 37);0.04235449600219727
(64, 64, 64, 64, 1024);(35, 63, 12, 37);(35, 63, 12, 37);0.0423914566040039
(64, 64, 64, 64, 1024);(35, 63, 12, 37);(35, 63, 12, 37);0.04233203125
(64, 64, 64, 64, 1024);(35, 63, 12, 37);(35, 63, 12, 37);0.04219184112548828
(64, 64, 64, 64, 1024);(35, 63, 12, 37);(35, 63, 12, 37);0.042111167907714846
(64, 64, 64, 64, 1024);(35, 63, 12, 37);(35, 63, 12, 37);0.04198976135253906
(64, 64, 64, 64, 1024);(35, 63, 12, 37);(35, 63, 12, 37);0.042335903167724606
(64, 64, 64, 64, 1024);(35, 63, 12, 37);(35, 63, 12, 37);0.042326366424560544
(64, 64, 64, 64, 1024);(35, 63, 12, 37);(35, 63, 12, 37);0.04276326370239258
(64, 64, 64, 64, 1024);(35, 63, 12, 37);(35, 63, 12, 37);0.042263839721679686
(64, 64, 64, 64, 1024);(35, 63, 12, 37);(35, 63, 12, 37);0.04205936050415039
(64, 64, 64, 64, 1024);(35, 63, 12, 37);(35, 63, 12, 37);0.04237680053710938
(64, 64, 64, 64, 1024);(35, 63, 12, 37);(35, 63, 12, 37);0.04179264068603516
(64, 64, 64, 64, 1024);(35, 63, 12, 37);(35, 63, 12, 37);0.04317763137817383
(64, 64, 64, 64, 1024);(35, 63, 12, 37);(35, 63, 12, 37);0.041955455780029294
(64, 64, 64, 64, 1024);(35, 63, 12, 37);(35, 63, 12, 37);0.0424455680847168
(64, 64, 64, 64, 1024);(35, 63, 12, 37);(35, 63, 12, 37);0.042508705139160156
(64, 64, 64, 64, 1024);(35, 63, 12, 37);(35, 63, 12, 37);0.04228281784057617
(64, 64, 64, 64, 1024);(35, 63, 12, 37);(35, 63, 12, 37);0.04195270538330078
(64, 64, 64, 64, 1024);(35, 63, 12, 37);(35, 63, 12, 37);0.043014686584472654
(64, 64, 64, 64, 1024);(35, 63, 12, 37);(35, 63, 12, 37);0.0423895378112793
(64, 64, 64, 64, 1024);(35, 63, 12, 37);(35, 63, 12, 37);0.04201881790161133
